id,text,title,document_type,meeting_date,source_file
ordinance_2024-01,"---
DOCUMENT METADATA AND CONTEXT
=============================

**DOCUMENT IDENTIFICATION:**
- Document Type: ORDINANCE
- Title: AN ORDINANCE OF THE CITY COMMISSION AMENDING THE COCOPLUM PHASE 1 SECURITY GUARD DISTRICT, AS CREATED BY MIAMI-DADE COUNTY PURSUANT TO COUNTY ORDINANCE NO.
- Source File: 2024-01 - 01_09_2024.pdf

**AGENDA LINKAGE:**
- Linked Agenda Item: E-1

**DOCUMENT DETAILS:**
- Document Number: 2024-01
- Meeting Date: N/A
- Adoption Date: N/A

**SEARCHABLE IDENTIFIERS:**
- DOCUMENT_TYPE: ORDINANCE
- AGENDA_ITEM: E-1

---



# DOCUMENT CONTENT

## CITY OF CORAL GABLES, FLORIDA

## ORDINANCE NO. 2024-01

AN ORDINANCE OF THE CITY COMMISSION AMENDING THE COCOPLUM PHASE 1 SECURITY GUARD DISTRICT, AS CREATED BY MIAMI-DADE COUNTY PURSUANT TO COUNTY ORDINANCE NO. 95-214, TO EXPAND THE SCOPE OF SERVICES TO INCLUDE ADDITIONAL SECURITY MEASURES INCLUDING BUT NOT LIMITED TO SECURITY CAMERAS.

WHEREAS,  the Cocoplum Phase 1 Security Guard Special Taxing District ( the District), which is located completely within the municipal boundaries of the City of Coral Gables, was created by Miami-Dade County pursuant to County Ordinance No. 95-214 for the purpose of providing enhanced security services to properties within the District;  and

WHEREAS,  pursuant to Section 18-3.1 of the Code of Metropolitan Dade County,  after approval by referendum and a joint resolution of the County and City of Coral Gables, governance and control of the District was transferred from the County to the City effective on October 1, 2018; and

WHEREAS, On June 2, 2023 the City of Coral Gables received a letter of intent from over 20%  of the homeowners (' Petitioner') within the District requesting a modification to the District to expand the scope of services to include additional security measures including but not limited to security cameras;  and

WHEREAS,  City staff has reviewed this request and,  in accordance with the Special Taxing District Amendment process,  as adopted by the City,  a petition was created to be circulated to all the properties located within the boundaries of the District;  and

WHEREAS,  pursuant to the City of Coral Gables Special Taxing District amendment policies, notice of the petition was sent to all properties within the District and the petition was presented to the City Commission on June 13,  2023 and approved pursuant to Resolution No. 2023-166; and

WHEREAS,  the Petitioner then circulated the approved petition to all of the homeowners within the District and has acquired the signatures of 107 out of 149 homeowners 71.81%) which, pursuant to the City's Special Taxing District Amendment process, allows for the requested amendment to the District Creation Ordinance to be brought before the City Commission for approval and adoption; and

WHEREAS, the City Commission approved the Ordinance on first reading on December 12, 2023;  and

WHEREAS, prior to second reading, mailed notice was sent to all properties within the Special Taxing District, specifically to all property addresses and mailing addresses for owners;

## NOW, THEREFORE, BE IT ORDAINED BY THE COMMISSION OF THE CITY OF CORAL GABLES:

SECTION 1. That the foregoing ' WHEREAS' clauses are hereby ratified and confirmed as being true and correct and are hereby made a part of this Ordinance upon adoption.

SECTION 2.    That the Cocoplum Phase 1 Security Guard Special Taxing District, as created by Miami- Dade County pursuant to County Ordinance No. 95-214,  is hereby amended to expand the scope of services to include additional security measures including but not limited to security cameras.

SECTION 3.   If any section,  sentence, clause,  or phrase of this Ordinance is held to be invalid or unconstitutional by any court of competent jurisdiction, then said holding shall in no way affect the validity of the remaining portions of this Ordinance.

SECTION 4. All Ordinances or parts of Ordinances in conflict herewith, are hereby repealed.

SECTION 5.   This Ordinance shall become effective upon the date of its passage and adoption herein.

PASSED AND ADOPTED THIS NINTH DAY OF JANUARY,  A.D., 2024.

Moved: Fernandez / Seconded: Anderson) Yeas:  Menendez,  Anderson,  Castro,  Fernandez,  Lago) Unanimous: 5-0 Vote) Agenda Item:  E-1)

APPROVED:

<!-- image -->

VINCE LAGO MAYOR

APPROVED AS TO FORM AND LEGAL SUFFICIENCY:

<!-- image -->

CRISTINA M. SUÀREZ CITY ATTORNEY

DocuSigned by:

9A595ED64D304E8.

Page 2 of 2 - Ordinance No. 2024- 01

ATTEST:

DocuSigned by:

<!-- image -->",Ordinance 2024-01,ordinance,,ordinance_2024-01.md
resolution_2024-02,"---
DOCUMENT METADATA AND CONTEXT
=============================

**DOCUMENT IDENTIFICATION:**
- Document Type: RESOLUTION
- Title: A RESOLUTION OF THE CITY COMMISSION CONFIRMING THE APPOINTMENT OF JOHN ' MILES' MARONTO ( NOMINATED BY BOARD-AS-A-WHOLE) TO SERVE AS A MEMBER OF THE TRANSPOTATION ADVISORY BOARD,  FOR A TWO ( 2) YEAR TERM WHICH BEGAN ON JUNE 1, 2023 AND CONTINUES THROUGH MAY 31, 2025.
- Source File: 2024-02 - 01_09_2024.pdf

**AGENDA LINKAGE:**
- Linked Agenda Item: D-2

**DOCUMENT DETAILS:**
- Document Number: 2024-02
- Meeting Date: N/A
- Adoption Date: N/A

**SEARCHABLE IDENTIFIERS:**
- DOCUMENT_TYPE: RESOLUTION
- AGENDA_ITEM: D-2

---



# DOCUMENT CONTENT

ATTEST:

DocuSigned by:

<!-- image -->

## CITY OF CORAL GABLES, FLORIDA

## RESOLUTION NO. 2024-02

A RESOLUTION OF THE CITY COMMISSION CONFIRMING THE APPOINTMENT OF JOHN ' MILES' MARONTO ( NOMINATED BY BOARD-AS-A-WHOLE) TO SERVE AS A MEMBER OF THE TRANSPOTATION ADVISORY BOARD,  FOR A TWO ( 2) YEAR TERM WHICH BEGAN ON JUNE 1, 2023 AND CONTINUES THROUGH MAY 31, 2025.

## BE IT RESOLVED BY THE COMMISSION OF THE CITY OF CORAL GABLES:

SECTION 1. That the City Commission does hereby confirm the appointment of John ' Miles' Maronto to serve as a member of the Transportation Advisory Board.

SECTION 2. That the appointment term which began on June 1,  2023 continues through May 31, 2025.

SECTION 3.    That said Resolution shall become effective upon the date of its passage and adoption herein.

PASSED AND ADOPTED THIS NINTH DAY OF JANUARY,  A.D., 2024. Moved:  Anderson / Seconded: Fernandez) Unanimous Voice Vote) Agenda Item: D-2)

APPROVED:

<!-- image -->

APPROVED AS TO FORM AND LEGAL SUFFICIENCY:

<!-- image -->",Resolution 2024-02,resolution,,resolution_2024-02.md
resolution_2024-06,"---
DOCUMENT METADATA AND CONTEXT
=============================

**DOCUMENT IDENTIFICATION:**
- Document Type: RESOLUTION
- Title: A RESOLUTION OF THE CITY COMMISSION ACCEPTING THE RECOMMENDATION OF THE CHIEF PROCUREMENT OFFICER TO AUTHORIZE ACCESS TO A ' PIGGYBACK'  CONTRACT FROM THE SOURCEWELL COOPERATIVE WITH OSHKOSH CORPORATION (PIERCE MANUFACTURING) IN AN AMOUNT NOT TO EXCEED THE AVAILABLE BUDGET FOR FIREFIGHTING EQUIPMENT, PURSUANT TO SECTION 2-946, USE OF OTHER GOVERNMENTAL UNIT CONTRACTS (PIGGYBACK) AND SECTION 2-947 OF THE CITY' S PROCUREMENT CODE.
- Source File: 2024-06 - 01_09_2024.pdf

**AGENDA LINKAGE:**
- Linked Agenda Item: H-1

**DOCUMENT DETAILS:**
- Document Number: 2024-06
- Meeting Date: N/A
- Adoption Date: N/A

**SEARCHABLE IDENTIFIERS:**
- DOCUMENT_TYPE: RESOLUTION
- AGENDA_ITEM: H-1

---



# DOCUMENT CONTENT

## CITY OF CORAL GABLES, FLORIDA

## RESOLUTION NO. 2024- 06

A RESOLUTION OF THE CITY COMMISSION ACCEPTING THE RECOMMENDATION OF THE CHIEF PROCUREMENT OFFICER TO AUTHORIZE ACCESS TO A ' PIGGYBACK'  CONTRACT FROM THE SOURCEWELL COOPERATIVE WITH OSHKOSH CORPORATION (PIERCE MANUFACTURING) IN AN AMOUNT NOT TO EXCEED THE AVAILABLE BUDGET FOR FIREFIGHTING EQUIPMENT, PURSUANT TO SECTION 2-946, USE OF OTHER GOVERNMENTAL UNIT CONTRACTS (PIGGYBACK) AND SECTION 2-947 OF THE CITY' S PROCUREMENT CODE.

WHEREAS,  Sourcewell awarded a contract in January 2022 for the purchase of Firefighting Apparatus and Fire Service Vehicles with Related Equipment, Options and Services that allows for use through other governmental agencies;  and

WHEREAS, the Fire Department has an immediate need to address an operational need to secure a replacement firefighting vehicle; and

WHEREAS, utilizing the contract identified is the most cost and time effective option for the city and allows for the immediate possession of the vehicle;  and

WHEREAS,  accessing the contract for current and future needs will afford the city access to secure pricing and vehicle selections that will assist the Department with maintaining public safety;  and

WHEREAS, Section 2-947 of the Procurement Code entitled ' Cooperative Purchasing'  authorizes the Procurement Officer to participate in a cooperative purchasing agreement for the procurement of any goods or services with one or more governmental unit in accordance with an agreement entered into between the participants; and

WHEREAS,  Section 2-585 of the Procurement Code,  entitled ' Authority' authorizes the City Manager to delegate authority to the Procurement Officer to administer and make recommendations on contract awards;

NOW, THEREFORE, BE IT RESOLVED BY THE COMMISSION OF THE CITY OF CORAL GABLES:

SECTION 1.   The foregoing ' WHEREAS'  clauses are hereby ratified and confirmed as being true and correct and are hereby made a specific part of this Resolution upon adoption hereof.

SECTION 2.  That the City Commission accepts the recommendation of the Procurement Officer and authorizes access to the piggyback contract # 11031-OCK-1 Firefighting Apparatus and Fire Service Vehicles with Related Equipment, Options and Services in an amount not to exceed the available budget, pursuant to Section 2-946, Use of Other Governmental Unit Contracts and Section 2-947 of the City' s Procurement Code

SECTION 3.  That this Resolution shall become effective upon its passage and adoption herein.

PASSED AND ADOPTED THIS NINTH DAY OF JANUARY, A.D.,  2024. Moved:  Anderson /  Seconded:  Fernandez) Yeas: Anderson, Castro, Fernandez, Menendez, Lago) Unanimous:  5-0 Vote) Agenda Iem: H-1)

APPROVED:

<!-- image -->

APPROVED AS TO FORM AND LEGAL SUFFICIENCY:

<!-- image -->

CRISTINA M. SUÀREZ CITY ATTORNEY

DocuSigned by:

9A595ED64D304E8

ATTEST:

DocuSigned by:

<!-- image -->",Resolution 2024-06,resolution,,resolution_2024-06.md
verbatim_01_09_2024_E-4,"---
DOCUMENT METADATA AND CONTEXT
=============================

**DOCUMENT IDENTIFICATION:**
- Document Type: VERBATIM_TRANSCRIPT
- Source File: 01_09_2024 - Verbatim Transcripts - E-4.pdf
- Meeting Date: 01.09.2024

**TRANSCRIPT DETAILS:**
- Agenda Items Discussed: E-4
- Transcript Type: single_item
- Page Count: 1

**SEARCHABLE IDENTIFIERS:**
- DOCUMENT_TYPE: VERBATIM_TRANSCRIPT
- MEETING_DATE: 01.09.2024
- AGENDA_ITEM: E-4

**NATURAL LANGUAGE DESCRIPTION:**
This is the verbatim transcript from the 01.09.2024 City Commission meeting covering the discussion of agenda item E-4.

**QUERY HELPERS:**
- To find discussion about E-4, search for 'Item E-4' or 'E-4 discussion'
- To find all discussions from this meeting, search for '01.09.2024'
- This transcript contains the exact words spoken during the meeting

---

## AGENDA ITEMS COVERED

### What was discussed about Item E-4?
The discussion of Item E-4 is transcribed in this document.


# VERBATIM TRANSCRIPT CONTENT

## City of Coral Gables City Commission Meeting

Agenda Item E-4 January 9, 2024 City Commission Chambers 405 Biltmore Way, Coral Gables, FL

## City Commission

Mayor Vince Lago

Vice Mayor Rhonda Anderson

Commissioner Melissa Castro Commissioner Ariel Fernandez Commissioner Kirk Menendez

## City Staff

City Attorney,  Cristina

SuÆrez

City Manager,  Peter Iglesias

City Clerk, Billy Urquia

City Planner,  Jennifer Garcia

## Public Speaker( s)

Laura Russo Mary Beth Conroy Cecelia Slesnick J. C. Toyos Waldo Toyos

## Agenda Item E-4 [10:10 a.m.]

An Ordinance of the City Commission amending St.  Philip' s School site plan approved under Ordinance No. 3576 to replace an existing building with a new preK building located at 1109 Andalusia Avenue,  Coral Gables,  Florida;  all other conditions of approval contained in Ordinance No. 3576 shall remain in effect; and providing an effective date.

January

9, 2024

11 03 23 PZB recommended approval with conditions,  Vote 7-0)

Mayor Lago:   I'm going to take E-4 first. We have people here and I'd like to see if we can get everybody out of here a little earlier.

City Attorney

SuÆrez:  Mayor, E…

Mayor Lago:   And then I'll be taking E-8 because I know we have the Chamber and a few other people here also.

City Attorney SuÆrez:  Okay. E-4 is an ordinance of the City Commission amending St. Philip' s School site plan approved under Ordinance Number 3576 to replace an existing building with a new Pre-K building located at 1109 Andalusia Avenue, Coral Gables, Florida. All other conditions of approval contained in Ordinance Number 3576 shall remain in effect and providing an effective date.  This is a quasi- judicial item so anyone who will be testifying today should be sworn in by the City Clerk.

City Clerk Urquia:  For those who will be appearing on this item, please stand and raise your right hand.  Do you swear or affirm that the testimony you' ll provide today will be the truth and nothing but the truth?

## COMMENTS MADE OFF THE RECORD)

City Clerk Urquia:  Thank you.

Mayor Lago:   Ms. Russo,  good morning.

Laura Russo:  Good morning,  Mr. Mayor, Vice Mayor, members of the Commission.   My name is Laura Russo with offices at 2334 Ponce de Leon Boulevard, and I am here this morning representing St.  Philip' s Episcopal Church and School. I have with me Reverend Mary Beth Conroy,  Ed Diaz,  who is Chief Operations Officer,  Norma Diaz,  who is Head of School,  also supporting us is Sissy Slesnick,  who is a parishioner,  Octavio Santurio,  who is the architect of the project.   I'll give you a little bit of background.   St. Philip' s has been in the City of Coral Gables as a church for 80 years.   The school has been in existence for 70 years.   For those of you who don' t know the exact location,  it is located on the block that is bounded by Coral Way to the north, Andalusia to the south,  Columbus to the west,  and Cordova to the east. Back in 2001 through 2003,  St. Philip' s underwent a master plan process.   And in that process,  it was proposing a new building,  but during that process,  it underwent a total review of its operations.   Conditions were imposed,  limiting the number of students,  setting up the drop-off operation,  legislating certain landscaping,  making sure that any changes to a site plan would go before a public hearing process, making decisions with respect to colors of the building so that the school would blend into the

City Commission

Meeting

January

9, 2024

residential neighborhood,  parking for employees in the lot to the east of Salvadore Park,  and also dealing with special event permits for the special events that were held either by the school or by the church.   Again, to put it into a geographic location,  the school is located immediately north of Salvadore Park that as you know has a whole playground section,  tennis courts, a pickleball court, the little parking lot to the east and a dog park now. The request that we are making today is to demolish an existing building that sits at the southeast corner of the property on Andalusia and replace it with another building.   The idea is -- well, the reason for it is the building was old, had sagging floors and had a lot of issues and it made more sense to demolish the building and build a new one.   The new structure will be approximately the same size.   It will house the same two classrooms,  Pre-K 3, Pre-K 4, a multi-purpose room and storage area.  The difference in the square footage is that there is now a covered walkway that is a canopy and it's an awning and that,  for security purposes,  will be enclosed and it will connect to another building on the campus.   Let' s see,  the Board of Architects has approved the new building. We went twice to the Board of Architects.   They wanted windows on the eastern side of the new building.   One of the conditions that was imposed in the 2001-2003 master plan would be that no building would have any windows on the eastern side.  Board of Architects insisted that it would look too institutional,  which is what we were trying to avoid,  and so they asked that we change that condition and the windows are fixed and operable windows.   They' re meant for an aesthetic purpose,  not to function.   They are actually on the portion of the building that' s closest to the front, which is adjacent to the driveway and garage of the adjacent neighbor to the east of us.   The balance of the building,  which is in back,  which would face the single- family neighbor to the right is solid and there' s extensive landscaping that' s several feet wide that was put in back in 2003 as part of the condition for the original site plan. We appeared before the Planning and Zoning Board. Staff recommended approval with three conditions,  that the windows remain fixed and inoperative,  that we keep every other condition,  including the limitation on the number of children,  and that we heavily landscape the front part of this building.  During COVID, the front part of this building was graveled in order to facilitate the drop-off when we first started going back to school.  And so it has remained gravel. That gravel will be removed after construction and that area in front of this will be heavily landscaped.   So, right now the drop-off is set up.  There is a drop-off for the older grades.   Third, fourth,  and fifth grade are dropped off in front of the school.   Four parking spaces are coned off and the parents come in going east to west so that the children can be dropped off on the sidewalk side and not on the street side.   And a neighbor that -who is here as well has appeared at the Planning and Zoning Board and an additional condition was added to the approval. And the condition was that the church landscape and maintain the swales of the properties from Coral Way to Andalusia. And so we' re here to respectfully request that we keep the conditions that were imposed by staff and eliminate that condition and I'd like to explain why.   First of all, those are not adjacent neighbors.   Those four properties,  one of them happens to belong to the church,  the one on the corner of --  the northwest corner of Coral Way and Cordova belongs to St. Philip' s. The other three are not adjacent, meaning they don' t abut the school property. We are not proposing an increase in students,  so we are not making a bigger impact.   The same number of students,  180, have gone to this school since 2001.  We are in an area where the increased activity and need for parking has come from the beautiful playground equipment that now adorns

January

9, 2024

Salvadore Park.   Having used it as a mother,  it's a vast improvement from what it was 30-some years ago.   There is also,  as you know, very active use of the tennis courts,  starting from early in the morning now that one of the courts has been designated a pickleball court,  one of the most popular sports in in the country.   And you also now have a dog park.  So, it is a neighborhood that has a lot of activity.   The school is there 172 days out of 365.   Yes,  the church does have its activities,  but I would submit to you that the school is not the only reason why there' s an issue with parking.   And I think it' s not fair to penalize the nonprofit school and institution that lives there,  but rather we should try to work as a community,  both the City and the church and school, to see if we can find a way to alleviate the parking on swales.   I brought --  because I want you to know the school tries very hard to make sure that parents don' t park in the swale.   That doesn' t mean they don' t, but they try very hard.   And I just brought two samples of newsletters.   So, this newsletter is published monthly,  and it goes out to all the school parents,  and I highlighted -there' s a whole section on parking.   I'm going to pass these around.   So,  it's not something that they say once at the beginning of the school year during orientation and just say,  okay,  we hope you guys pay attention to it.  No, they' re reminded on a regular basis,  and I can tell you that the Ed Diaz,  who' s chief of operations,  has been called by nearby residents to ask parents to,  you know,  leave the driveway or whatever. So,  we' re well aware of it and we try working hard to prevent it from happening.   But I think the burden of landscaping and maintaining non-adjacent neighbors is just -seems more like a penalty to a school. If I were asking for an increase in students,  I would say,  yeah,  of course,  because we' re going to now have a bigger impact on the community.   We' re bringing more cars to the area with more students.   But we still have the same students,  the same number of students for the last 22 years.   So, let me pass this around.

Commissioner Castro: Since this is a quasi- judicial item,  I would like to disclose that I have received emails regarding this item.

Vice Mayor Anderson:   I've received emails as well.

Commissioner Fernandez:   Same here, so have I.

Mayor Lago:   I think everybody has,  so moving on.

Ms. Russo:  Alright,  so I respectfully request that you approve the proposal for the new building along with the staff-imposed conditions and eliminate the condition of landscaping the properties between Coral Way and Andalusia on Cordova.  And we' re here to answer any questions you may have, and I would like to reserve some time for rebuttal,  if necessary.

Mayor Lago:   Madam Director,  how are you?

City Planner Garcia:   Good,  thank you.   Good morning,  Jennifer Garcia,  Planning Official.  If I could have the PowerPoint,  please.  Okay,  so we' re here for a major amendment to the approved 2002 site plan for St. Philip' s School.   As indicated,  this site is south of Coral Way to the east of

City Commission

Meeting

January

9, 2024

Columbus,  north of Andalusia,  and to just west of Cordova.  This is an aerial of the campus.  We' re talking about just the southeast portion of the campus,  which is now an existing house typology which was converted into a preschool.   So, the future land use designation is religious institutional use.   The zoning is special use.   So,  the Ordinance Number 3576 is what approved the site plan. And then there' s conditions regarding any changes to the site plan would have to require Planning and Zoning Board and City Commission review and approval,  as well as the no openings on the east façade. So,  again,  we' re talking about the southeast portion of the site and looking at the proposed building,  it would have classrooms one and two for preschool on the front, the back-ofhouse equipment is located west of the building away from the single- family adjacent house, restored swale on the front of the structure of the proposed preschool building,  a front yard.   The storage is going to be acting as a buffer between the existing home to the east and the actual preschool area,  and in the back is a multi-purpose room and playground.   Here' s a rendering of what that looks like.  Again,  this was approved by the Board of Architects.   It went to DRC back in April of last year.   Board of Architects,  a couple of times, and approval in August.   They had a neighborhood meeting in October. Planning and Zoning Board recommended approval in November,  and here we are for first reading at City Commission.   So, the letters were sent to the property within a thousand feet as required by code,  and that happened three times so far.  It was posted twice,  three times website posting and once for newspaper advertisements. So,  staff has determined that it' s consistent with the comp plan and it complies with all the findings of fact, which is part of your packet and the staff report today.   So,  there' s two conditions of approval. The first one is the non-operable fixed windows on the façade facing the adjacent abutting neighbor to the east.   The swale improvements on the front, and as she indicated,  the Planning and Zoning Board wanted to expand that and have it on Cordova as well between Coral Way and Andalusia to prevent parking and other issues that the school,  I guess,  has been dealing with for quite some time.  And all the conditions that are listed in Ordinance Number 3576 would still remain in effect. That' s it.

Mayor Lago:   Thank you very much.

Vice Mayor Anderson:   Thank you.

Ms. Russo:  And if you want to see, I have a little PowerPoint that just shows you a little bit, if we can get it.

Mayor Lago:   Perfect,  thank you.

City Planner Garcia:   Could we get the applicant PowerPoint,  please?  Press the big button.

Ms. Russo:  Next slide.   Alright,  this is the existing building,  so this is the building that' s being replaced,  the one again on the southeast corner of the campus.   This is the new proposed building. This is the area behind the school,  behind that particular building.   And this is existing.   And you can see there is a -- this particular house had an old detached garage that actually sat on the property

City Commission

Meeting

January

9, 2024

line.  So, one of the requirements of the original site plan is if this building ever came down, that garage that' s on the property line would have to be removed and needless to say, all setbacks would have to be observed.   This is what the back will look at.  It will now be set back from the neighbor to the east. And again,  the building that you see without the arches is the one that faces the neighbor and that has the blank wall.   The building with the arches is the one that will have the fixed inoperable windows near the front. This is what the space will look like. This is the multipurpose space.   I'm sorry, the other were the classrooms.   This is the multipurpose space that will also be able to work so that activities,  depending on weather,  as you can see,  it opens up to the backyard.   And that' s it.   I just wanted you to get a little glimpse of what we' re doing.

Mayor Lago:   Thank you.  Mr. Clerk.

City Clerk Urquia:  Mr. Mayor, we have several members of the public requesting to speak on this item.  The first is Norma Perez.

Ms. Russo:   She' s decided not to speak.

City Clerk Urquia:   Okay.

Ms. Russo:   They just signed in in case they wanted to speak.

City Clerk Urquia:  Edward Diaz.  Mary Conroy.

COMMENTS MADE OFF THE RECORD)

Mayor Lago:   Yes.

Mary Conroy:   Hi, I'm Mary Beth Conroy.   I'm the rector of St. Philip' s.   I've been here for 14 years.   And when I moved here,  I thought I had a great vocabulary,  but I did not know the word swale.   And so,  I've learned something about it.  And thanks to my friendly parishioners,  they taught me that I was to maintain my swale and that it did not belong to me.   And so,  for all the many years I've lived here,  I have replanted my swale,  like I'm sure many of you have.   I've endured neighbors doing construction projects joyfully,  and I'm happy to be in a community that works together so that we can live together in harmony. I will say that St.  Philip' s is in a neighborhood that' s in high demand for parking and we struggle with the same issues that our neighbors do and those who want to attend and use the glorious park that has been provided by the City.   It has only increased and become more challenging. And as Ms. Russo pointed out,  we continue to ask people to rideshare when we have big events,  whether it's a large funeral,  whether it' s a big event for the school.   We ask people to observe ' No Parking'  signs, to be mindful of the neighbors' driveways for their own safety.   And we try in every way we can to be a good and gracious neighbor.   And we' re happy to work with the City and with all of our neighbors and all the constituents to try to find reasonable solutions.   But I strongly believe that asking St. Philip' s

January

9, 2024

to take on in perpetuity to plant and maintain a non-adjacent neighbor swale is not only unfair, it's unneighborly. And so,  we' re here to really ask your permission to build a new building for our youngest learners.   And I hope you will support us.   Thank you.

City Clerk Urquia:   Octavio

Santurio.

Ms. Russo:   No, he' s --  no.

City Clerk Urquia:   Cecilia Slesnick.

Cecelia Slesnick:   Good morning,  Mr. Mayor, Vice Mayor, Commissioners,  everyone on the dais. Cecilia Slesnick,  721 Navarre,  Coral Gables,  and many Coral Gables addresses before that.   As nearly a 23-year-long parishioner of St. Philip' s and a lifelong resident of the City of Coral Gables, I know the issue of parking.   I know the issue of swale,  a word which,  by the way, is constantly autocorrected if you' ve ever tried to spell it.   And I know how special our church community is at St.  Philip' s.   So,  as a parishioner,  I understand the challenges. As Ms. Russo pointed out,  the enrollment at the school is not going to be increasing.   And as you saw by the picture,  actually I think aesthetically it' s going to be a nice improvement to the block and will make it all feel much more cohesive,  which I appreciate as a realtor.   The second thing, as was noted,  is that the swales are public property.   And I remind that to my neighbors in my neighborhood.   And as I'm selling homes in Coral Gables,  I remind the homeowners that the swales are to be kept by you, but they are public property.   So, that' s where your visitors should park when they come to see you.  If you have deliveries,  if you have people coming to work at your home, that' s where they should park. They should not be blocking the sidewalks,  and they certainly shouldn' t be blocking --  parking in the streets like you do in other municipalities.   So, as a nonprofit,  as a church community,  which I know many of you on the dais can appreciate as churchgoers,  and all of you go to churches in this vicinity,  you can understand that it feels a little unfair.   Public parking is a bigger issue,  right? Especially on the footprint that we' re looking at.  The most welcome improvements to Salvadore Park.   Speaking as someone who swung on those rusty swings in the 1980s, and if you did, you' ll remember that they swayed a lot and it was really fun to see how high up you could go and not land in a tennis court.  So, the improvements are welcome.   My children love them.  Every Sunday when I park to go to church,  I hear the ping and the pong of the pickleballs and the tennis courts, and my golden retriever has loved the dog park.  So, all of these improvements bring not only joy and excitement to the City, but obviously,  it creates a little bit of congestion that everyone in the neighborhood has to work with, right?  The neighbors on Venetia,  the neighbors on Columbus,  all of the neighbors have to.  So, although I'm not speaking on behalf of the School and Community Relations Committee,  you all know that I am a member of the School and Community Relations Committee,  right?  SCRC,  School and Community Relations Committee.   And I'm not speaking on their behalf,  but because I'm a member and have been,  I know that every school in our community has its challenges with our ever-growing,  ever-evolving,  and ever-brightening city. So, let' s just keep that in mind as we go through this first reading and we move on to the second reading that every decision that' s made in and around schools potentially sets a precedent for all

City Commission

Meeting

January

9, 2024

of the other schools,  right?  For your children at St. Teresa,  for the children at ECC, to all the way to the children at Ponce and Gables and Gables Prep and et cetera,  et cetera,  et cetera.   So, thank you all so much.  And I hope to see you all at the Beaux Arts Festival this weekend.

Vice Mayor Anderson:   Sorry, I won' t be able to make it.   I'll be in Montana.

City Clerk Urquia:   J. C. Toyos.

Mayor Lago:   Mr. Toyos.  Good morning.

J. C. Toyos:  Good morning,  J. C. Toyos,  1044 Coral Way.

Waldo Toyos:   Waldo Toyos, 1044 Coral Way.

Ms. Toyos:   And we' re here to speak against what they' re talking about.   I mean,  I'm shocked at the fact that you decided not to do what the Planning and Zoning Committee recommended in order to help the problems that we' re having with parking.   But aside from that,  we had sent an email to you guys because we have, looking into this issue,  found some other issues that we' d like to address that are important not just to me and my family, but to our community as a whole.  First, we would have really appreciated for them to reach out to us to let us know that they were no longer planning on doing what they said they were going to do.   So, it was kind of shocking for me to hear now that what they --  we thought were going to do as far as the parking situation to help alleviate it,  they' re not even going to do that.  And I've also been a part of the community for over 30 some odd years,  and he was born here.   So,  he also went to Salvadore Park,  and he was also coming to the area,  and we also have five children that are -  that were raised there.   So,  we know the community really well.   So,  this is also our family that is being impacted,  not just by what they' re planning on doing, but their future families,  if God bless,  they decide to stay in Coral Gables.   So, the first thing is the landscape.   I can' t believe you guys backed out of that.   I think it' s unconscionable to do so.  I do think that the reason that we' re having parking issues is because of the parents in the school.   And the reason for that is because it' s during the time periods that you guys are picking up your children and the children are being dropped off.  So, I do think it's a responsibility that the school bears,  and I do think that you guys should take care of it.  Second, what we found during some research is that the school' s growing.   They' re saying that they' re capped,  and they' re saying that they' re keeping their covenant. I couldn' t find the covenant to review it.   So, I haven' t…

Ms. Russo:   I have a copy.  The covenant is recorded in the public records of Miami- Dade County.

Ms. Toyos:  They' re growing.   And not only are they growing by square footage,  they' re growing in acquiring homes right across from my house.   They bought the house right across from us, and they' re using it for their school activities.   So,  I think that the covenant has been broken,  simply because if they were originally just going to be a school with their original homes and the original

City Commission

Meeting

January

9, 2024

square footage that they have,  their square footage is already grown with the new addition and changes they' ve made.   And if you look at the plot lines of the lots, they' ve encroached on them. In other words,  one lot encroaches on another lot, and then they expand on that classroom.   And then when they bought the house across the street from us, I don' t know what you guys are using it for, I'd like to know because they do have a lot of activity going on in there,  and a lot of kids and parents coming in and out.  So, there are questions that were brought to my mind that weren' t there before because of this issue.   And if they are going to make an amendment to the covenant, I would like some things changed to that covenant going forward in order for this to be approved. Okay, baby, your turn.

Mr. Toyos:   I think that,  how do you call it, first of all, this thing about the --  what the Planning and Zoning Board,  it wasn' t us who asked for the swale improvement. It was the Planning and Zoning Board that said,  hey, you, you guys, this is on you.   It wasn' t us asking the Planning and Zoning Board.   We just went up there and,  how do you call it, said we have a traffic problem. They' re blocking our driveways.   Yeah,  I mean,  and this happens,  how do you call it, constantly. And I keep on hearing it's the Salvadore Park, people who come to Salvadore Park,  the dog park, the pickleballers.   I don' t see people with pickleball rackets coming down, you know, blocking our driveways or doing that.  We' re trying to just keep our swales like any normal one.  Yes, we have normal use of swale,  delivery guys,  postal service,  whatever. But at least with that,  we could maintain our grass.   We can' t maintain our grass.   Their side looks like a desert,  okay, on Cordova side.

Ms. Toyos:  ( INAUDIBLE)  the pictures?

Mr.  Toyos: One of our neighbors behind them has had his swale with,  how do you call it, landscaping now for, as long as I can remember.   You know, we' ve owned that property for over 20 years. They' ve had it for much more than that,  so they' ve dealt with it.   Our backdoor neighbors,  Mary and --  this is what it looks like.

Ms. Toyos:   Yeah.

Mr. Toyos:  This is what the neighbors do to our sidewalks.

Ms. Toyos:   And this is what the other neighbors have to do to make sure that they don' t block them when the pickup and drop-off (INAUDIBLE).

Mr. Toyos:  This is barricades put up by, I guess,  the City.

Ms. Toyos:   Yeah.

Mr. Toyos:   The signs are being used to help the --  the signs alone are not enough.   This is what they' ve used to keep the people off the corner so that the intersection visibility doesn' t get blocked.

City Commission

Meeting

January

9, 2024

Ms. Toyos:   Sometimes I can' t get out of my house because people are blocking my entrance and exit.

Mr. Toyos:  Backdoor neighbor,  she had to put it because her driveway' s in the front, so Andalusia, corner of Andalusia,  and right behind us,  and -on Cordova,  they had to put landscape in their front.  Now their side is still barren.   They can' t do anything.   It's --  I mean,  we can' t maintain our grass.   And it's not the people using the dog park.   It's not the people using the pickleball courts or tennis courts.  It's parents.   And we reached out to the pastor,  with all due respect,  in 2022.  We went in and we sat with her.  Nothing' s come from it.  Nothing.   The Planning and Zoning asked them,  hey, reach out to the neighbor.   Just try to take care of their situation.

Ms. Toyos:   They didn' t reach out.

Mr. Toyos:   Nothing.   We' ve tried to be neighborly. And to say that we' re not --  asking is not neighborly,  no, it was the Planning and Zoning Board.   All of them agreed that, hey, this is on you guys.   This is not on them.   So, we just want a solution,  but we also want to know --  there' s two issues here.   They bought that house in 2016 and now has an exemption.   So, they' re paying $ 67. So, I imagine that they' re having a school and it says an educational exemption on that property in the corner right across from us.  And by the way, we' re only 130 feet.  We might not be adjacent, but our radius,  we' re 130 feet from their closest property line, their campus property line.  So,  if they' re there and they' re claiming that exemption,  what' s the use of this property?   Because this is what' s causing the issues. If they' re going to keep on buying single- family homes and converting them over into school space,  it defeats the purpose.   They have no parking.   They have zero parking.   This should have been done with 30, 40 years ago when they expanded or they did this amendment and all that stuff.  This should have taken place because they just didn' t have the parking.   This is a -- they have unique circumstances than other schools,  okay?  St. Teresa,  Ponce, Coral Gables,  all those schools,  they have parking.   They don' t have parking.   They do not have parking.  So, we need to come up with a solution,  okay, where they actively patrol or do something, but they' re not doing that.   But then we also need to know,  what are their future plans?   Are we going to keep on --  they' re one single- family home away from owning all of Coral Way,  okay, Orlando' s home and the one that they bought here.   And that' s it, we' re done.   So,  what is the future plans here?  And what are we going to do about the parking?  Because yeah,  we do want it addressed. We don' t want our parking -our driveways blocked,  and we don' t want our grass dead.   We want to be good neighbors,  and we want them to have their building.  We don' t have an issue with their building.   Who doesn' t want that?   And I mean,  I don' t have an issue with the building.   We do have an issue, two things, future plans, expansion,  and our parking situation.   It's not actively being dealt with.  You could put that in those papers and those newsletters.   Hey, how many emails do we send out and we just go pass,  pass,  pass,  pass?   That' s a newsletter. Same thing here.

Mayor Lago:   Thank you very much.

City Commission

Meeting

January

9, 2024

Agenda Item E-4 - Ordinance of the City Commission amending St. Philip' s School site plan approved under Ordinance No. 3576 to replace an existing building with a new pre- K building located at 1109 Andalusia Avenue,  Coral Gables,  Florida;  all other conditions of approval contained in Ordinance No. 3576 shall remain in effect.

Mr. Toyos:  Thank you.

Mayor Lago:   But before you leave, Mr. Clerk, how many individuals

do we have?

City Clerk Urquia:  That' s it, Mr. Mayor.

Mayor Lago:   That' s it, okay,  so we' ll close the public comment.

Ms. Russo:   I'd like rebuttal.

Mayor Lago:   I know.

Ms. Russo:   Okay.

Mayor Lago:   I just want to put something on the record so my colleagues -is there one or two readings here?

City Attorney

SuÆrez:   Two readings,  sir.

Mayor Lago:  Two readings,  okay.  So, we may move forward as a Commission today.  I think it's important to continue to strive for the best education for the community. I mean,  again,  we' re having major issues here in South Florida, especially here in Coral Gables.  In addressing the needs to educate our young children here, we have a disaster.   I mean,  I get calls constantly from people, hey,  help me try to get my kids into the school,  and I tell them the same thing.   I say,  I have no power to get anybody into any school.   Call your school board member or call the owner of the school and see if they can help you,  but again at the end of the day,  we fail on that front.   But I also have an issue with the encroachment in the residential neighborhoods. There has to be something done for the future.   We' ve got to start working together and planning.   I'm going to say something that you' re not going to like and maybe some of your residents may not like, but we need to figure out a way to either build some sort of parking structure,  one or two floors, something that works for the community that can be done in a way that, you know, wraps the first floor in maybe offices or educational because if they' re going to continue to expand,  you know, at the end of the day, you' re going to have to address the parking issue.   Because you' re not going to be able to meet the parking needs.   You' re not going to.  And there' s also --  I was looking at the minutes from the Planning and Zoning Board meeting. They were clear about,  obviously,  the swale package.   That already exists in the legislation,  it' s there.   I wrote that legislation.   It' s very simple.  It's something that, again, doesn' t cost anything.  The permit is free.  It gives you guidance in regards to a swale package to put on to basically avoid any parking on the swale.   Your biggest concern right now is the issue of parking and the condition of your swale,  correct?

Ms. Toyos:   Their growth.

City Commission Meeting

January

9, 2024

Agenda Item E-4 - Ordinance of the City Commission amending St. Philip' s School site plan approved under Ordinance No. 3576 to replace an existing building with a new pre- K building located at 1109 Andalusia Avenue,  Coral Gables,  Florida;  all other conditions of approval contained in Ordinance No. 3576 shall remain in effect.

Mr. Toyos:  Two.

Mayor Lago:   I understand

that.

Ms. Toyos:   We have two.

Mayor Lago:   But the growth thing is going to be a long-term issue that they' re going to have to work with their lawyers and the City to find a way to address it.   Because if you' re going to continue to grow,  and like you mentioned in other schools,  they don' t have the parking.   They don' t have the parking if they' re going to grow.  If they' re going to grow.  They haven' t told me they' re going to grow.   I don' t know anything about that.   But you' re making a statement that, obviously,  their plan is to continue to move --  to grow their footprint.

Mr. Toyos:   How many single-family homes are you going to keep on taking down?

Mayor Lago:   Again,  and I understand that,  but I just wanted to put it on the record that we' re going to have to find some sort of solution,  and the solution' s not going to make everybody happy.

Mr. Toyos:   Well, I think a parking lot there,  a structured -Mayor,  I think that you' re going to definitely get the neighbors…

Mayor Lago:   I'm just thinking --  and guess what, it's not going to happen.   Okay, but then let me tell you, then what do we do?  We' re going to park people,  let' s say,  at the Biltmore,  you know, and bring them in?

Mr. Toyos:  That' s --  you see,  you see, that --  this is where --  that' s not what we signed on for.

Mayor Lago:   I understand.

Mr. Toyos:  And let me tell you something.   They' re the ones who are expanding.   It' s not us.  We haven' t broken the covenant.   They have.

Mayor Lago:  Okay.  Well, we don' t know if they broke the covenant or not, so let' s be very careful what we say here because,  at the end of the day, we' re under --  we' re all…

Mr. Toyos:   Are they allowed to --?

Mayor Lago:   We' re here…

Mr. Toyos:   Are they allowed to knock down this house according to the covenant?

City Commission

Meeting

January

9, 2024

Mayor Lago:   They are allowed to.   That' s my understanding. But again,  we deal with this, we deal with this with a lot of other schools that come before us.  For example,  Gulliver came before us in regards to an expansion of their footprint and they have to provide documents on a continual basis to show how many people are actually enrolled in the school.   A lot of schools have these covenants in place to show that they' re following the rules.   This is nothing new.   So, I have to look into that with the City Manager and my colleagues will do the same thing.   They' ll look at that with the City Manager and with Ms. Russo.   We' ll look at the documents to make sure that they' re adhering to the documents that must be submitted as per their agreement. If we' re not going to talk about expansion today,  that' s something that we' re going to talk about in the future, fine.   But I just want to put on the record,  there has to be --  a solution has to be found in the neighborhood,  because obviously,  this is not working.   And if the swale,  the Planning and Zoning Board is asking for cooperation from your client to put together some sort of swale package,  I want my -- I want input from my colleagues to see what do you think is the best opportunity,  and I know that Ms. Russo wants to respond,  so I'd like to hear from her first really quickly before we open up the (INAUDIBLE).   But we' ve got to find an answer here because it can' t be no swale package, then the only option that we have is we' ve got to get a public safety aide to basically be parked there,  you know, when school drop-off and pick up to make sure that nobody is encroaching or blocking the driveways.   Because,  by the way, we' ve dealt with this before.   We' ve dealt with it at Sunset.   We had multiple meetings on the ground.   I mean,  we had irate neighbors who were telling us, listen,  I couldn' t get out of my driveway for 45 minutes.   People were so desperate to avoid the line on Sunset that they would park their cars,  and then what ended up happening was, you know, I had to wait 45 minutes to go to work or to a doctor' s appointment because I couldn' t get out.  And this is nothing new.  It's just, again,  it' s one of the things that we' re dealing with as being one of the cities that everybody wants to live in and send their kids to school.

Mr. Tuyos:  Mr. Mayor, I'm sensitive to the needs of the community in regards to how do you call it, their educational needs for the broader…

Mayor Lago:   But you also want quality of life and I respect that.

Mr. Tuyos:   But specific to this location,  we' re probably at the point that we shouldn' t have been at because of prior decisions made here with single-family homes that shouldn' t have been schools with no parking.   Yeah,  I mean,  and for me to be given right now a solution that,  hey,  maybe we build a parking garage in this neighborhood,  that will go --  that' s going to go very…

Mayor Lago:   That wasn' t my intent.

Mr. Tuyos:   I know, I know.

Mayor Lago:   My intent was that we need to…

Mr. Tuyos:   You understand what I'm saying?

City Commission

Meeting

January

9, 2024

Agenda Item E-4 - Ordinance of the City Commission amending St. Philip' s School site plan approved under Ordinance No. 3576 to replace an existing building with a new pre- K building located at 1109 Andalusia Avenue,  Coral Gables,  Florida;  all other conditions of approval contained in Ordinance No. 3576 shall remain in effect.

Mayor Lago:   Find some sort of solutions…

Mr. Tuyos:   Yeah.

Mayor Lago:   Outside of, you know, to alleviate parking.   And what are the two options?   Three options.   Either you bus people in from somewhere else, you build a surface parking lot.  For that, you got to buy more properties and knock them down,  or you have to build a parking structure. There' s no other way to do this.

Mr. Tuyos:   Here' s the only solution I --  one of the…

Mayor Lago:   You already have parking issues.

Mr. Tuyos:   We already have parking issues,  but we also have single-family home that has been purchased by the school,  which has single-family zoning.   And I'm bringing it to your attention today on this date.  So, go --  let it go on the record,  okay…

Ms. Tuyos:   That' s what they' re doing.

Mr. Tuyos:   That we do not want this continued expansion of single- family zoning and singlefamily homes,  okay, being built into future classroom space.

Mayor Lago:   I want to address one point before we hear from Ms. Russo,  okay.   So,  we can approve today,  moving on to second reading,  but one of the things that I would want is for there to be a real discussion between you and the school' s representative,  Russo,  and that the Manager' s team be engaged on that front.  Because there has to be -- I will not approve this on second reading if we don' t have a solution to, at a minimum --  because we' re not going to find a parking solution today,  okay,  and we' re not going to find it in the next five years. You know,  we have,  at a minimum,  we have to find something so that your quality of life is not impacted,  okay?  I haven' t been on the ground to see the, you know,  drop-off and pickup.   I've done it in other schools.   I know my colleagues have also.   So,  this is something that maybe we should see firsthand what we' re having. And I've done it where we don' t even -we don' t announce that we' re going because I want to see it when it's…

Mr. Tuyos:   Right.

Mayor Lago:   Really happening not where…

Mr. Tuyos:   Let' s do it.

City Commission

Meeting

January

9, 2024

Mayor Lago:  Not when parents have been notified.  But I think that what we need to do is -- what we need to do is we need to have a conversation between first and second reading,  maybe the City Attorney can also join the conversation to find a solution to address what the Planning and Zoning Board and what your requests are.  There has to be common ground.   Ms. Russo?

Mr. Tuyos:   Mr. Mayor, we did that by the way.

Mayor Lago:   I know, I know, but let me hear from Ms. Russo.

Mr. Tuyos:   We' ve reached out several times.

Mayor Lago:   And I want my colleagues to give me input and give me advice on what they would like to see.

Ms. Russo:   So, I'd like to rebut a couple of the statements.   So, with use of the swale,  I'm going to submit some photos that were taken not only of the neighbor' s home,  but of the church house across the street.   And Reverend Conroy will come address the use of that property.   And there are people parked on the swale of the church property that are cars that visit the home across the street. So, the use of the swale is being used as, you know, a public right-of-way for parking.   So, I just want to submit these pictures because it' s not just happening on their side of the street. It' s happening on the church property and people that use his home.   And some of these are taken at six in the morning,  so they' re not taken,  you know, when drop-off.

COMMENTS MADE OFF THE RECORD)

Mayor Lago:   Yes.

COMMENTS MADE OFF THE RECORD)

Mayor Lago:   You can put…

City Attorney

SuÆrez:  Just make sure the Clerk has them,  please.

Mayor Lago:   Give them to the Clerk.

Ms. Russo:   And so I can let you know that I've been representing the school since 2000, I believe it was 2000 when I was first hired in 2001 through 3 when we did the master site plan.  And I can tell you that the that the master site plan did involve a new building.   The church,  as you know, owns a home in which Reverend Conroy lives.  They also own a home on Coral Way.  They have visiting clergy,  and all of this was addressed in the Declaration of Restrictive Covenants.   We are here precisely because one of the conditions from the restrictive covenants was that if any building were to be demolished,  that it would have to go through the public hearing process and be approved

City Commission

Meeting

January

9, 2024

and go --  and you know,  be approved by the Board of Architects and be approved. Because a church owns a property doesn' t make it part of the school.  But for that, I'm going to ask Reverend Conroy to just slip in the rebuttal the response to that.

Ms. Conroy:   Still Mary Beth Conroy,  still confused about swales.   The St. Philip' s has bought a series of homes throughout the years,  long before my arrival in 2016.   The home at 1100 Coral Way became available and we purchased it for a residence for our head of school.   We rented it for two years before the head of school moved in.  We had a head of school who lived there for two years.   And then since that time, we have housed clergy there.  It is not used for classroom.   It is not used for children.   It is not authorized for use for children.   And we have no intention of growing the number of children at our school.   What we want is better space,  but that house has never,  ever been used as a meeting place for children or teaching or anything.   We have a visiting bishop who comes for a month or two at a time.  We have --  that' s really all we' ve used it for is a residence.   So, it sits there empty a good part of the time, and occasionally,  we have someone stay there.   That' s it.   It' s a residence.

Mayor Lago:   Thank you.  Do you have anything else, Ms. Russo?

Ms. Russo:   Excuse me?

Mayor Lago:   Do you have anything else you' d like to say?

Ms.  Russo: Yes,  I would just like to say that,  once again,  I think this is a community, a neighborhood issue.   It' s not an issue that should lay solely on the shoulders of St. Philip' s.   I'm aware of the swale package.   In fact, one of the neighbors --  we did have a neighborhood meeting, which the Toyos did not attend,  but the neighbor,  Dr. Forachi ( phonetic)  and the Lopez Cotardi phonetic),  we talked about the ability to landscape your swale since there has been so much use of a public swale.   I happen to live on Country Club Prado,  so I'm well aware how people use swale all the time to enjoy the city park.   And if I were to be so inclined to keep people from parking there,  I could avail myself of this. Deena Bell Llewellyn has done a great job of recommending native plant material and other materials,  you know,  shrubs and up to a certain height, et cetera, and doing this without having to pay for a permit and facilitating the hand drawing of it, et cetera.   And I shared that information with the neighbor who attended the meeting.   So, once again,  I ask you for approval of the building.  We understand the neighborhood dilemma,  but I ask you that we join as neighbors to try to figure out the problem and not lay it solely at the feet of a nonprofit that is not increasing students,  okay?   Because if in fact there were an increase in students,  I would be saying,  yeah,  we' re going to have a bigger impact.   I think we should do something,  but we' re not.   And I know the school complies with the affidavit as do the other schools with respect to the student cap.   So, you know, we do not want to enlarge the school.   We want to keep it a very small neighborhood school.   And again,  it's been there for 70 some years.

Mayor Lago:   Okay.

City Commission

Meeting

January

9, 2024

Ms. Russo:   Thank you very much.

Mayor Lago:   Yes, Madam Vice Mayor.

Vice Mayor Anderson: So, long before I ran for office, I dealt with parking issues in neighborhoods, in our neighborhood. I live within a block of Le Jeune Road. There was a construction project coming in of a multi-story building on Le Jeune Road and spoke to neighbors, and we came up with a resolution and the neighbors voted to have --  one neighbor wanted grass put in, but we went with residential parking permit signs.   I warned my neighbor who parked all the time on his swale that his grass would not live, and it didn' t.  Because once you start driving on it, it dies.   The heat of the engine,  the wear and tear in the car, you have to irrigate it,  all those things go into grass or any planting.  And then we have other areas in our city that have high traffic. We have Venetian Pool, the Biltmore Hotel,  around the United Congregational Church of Christ. They have high traffic as well.  My neighborhood still had high traffic.   In fact, I had MercedesBenz employees parking at my property instead of them paying for parking for those folks.  So, I had a few words with Mercedes- Benz.   I said, I'll be darned if I'm going to pay for parking of my employee so they can park at the building and you' re burdening my property with all your employees.   So, there are solutions.   And I'd like to hear --  you know, I'd like for our Landscape Division to go out there and discuss some of the solutions with you all because,  if you want landscaping,  you' re going to lose parking.   If you want landscaping to live, you have to water it. You have to realize now you' re not going to have the parking.   But there are other solutions if you do want parking for yourself,  for your guests,  such as we have the fancy coquina,  the nice gravel, all part of the swale package.   There are items in the swale package you can put in that require less water,  but I wouldn' t say that they need no water.   You have to get them established. And you can' t be parking on top of them,  you know.   One of the challenges that one of our residents has met is he put in landscaping and still, you know, people don' t care and they roll over it because it' s not their property.   So,  once upon a time,  we required FP&amp; L and Comcast to put plantings around their boxes.  Slowly but surely, that has come and rests upon the shoulders of the residents. I think if you want a planted swale,  you need to make some decisions on what you want,  because you' re going to have to maintain it.   Because if you don' t irrigate it,  you can' t expect it to live.  So, take a look at the residential parking permit program.   The residential parking permit signs are much,  much prettier.   Each one of us gets some emails from particular residents that don' t like parking signs.  They consider them ugly.  Why do we need all the signs?  We have sign pollution. But the ones that are residential parking permit are green poles,  extruded,  and a much nicer sign and blend in with the community and don' t upset some of those other residents we have in Coral Gables that don' t like ' No Parking' signs.   They call it sign pollution and they want to take the signs out.  In fact, in my neighborhood I'm getting a list of all the ' No Parking'  signs from all the neighbors that want them out so I can just have staff come out one time.  And --  but I would like staff to come out there and help advise between parking programs available. I can tell you the folks that face the Salvadore dog park, we had a long discussion about it.   I told them the options and they said if the parking became an issue on their side,  that they were going to go with the

City Commission

Meeting

January

9, 2024

residential parking permit.   That was their choice.   And in closing,  I'll give you the history of the word swale.   I know it's funny.   It's a funny word.   I thought it was funny because no one else spoke it except for me at one point in time until I moved into Coral Gables.   And I learned that the etymology of it, at least locally here in the United States,  came from Pittsburgh.   And it's not a hidden fact that George Merrick came from the Pittsburgh area, the Philadelphia area.   And that is a word that was brought over from, you know, UK English descent type word.  So, you won' t find it heavily used outside of Coral Gables. It was transplanted here from the Northeast and they called it Pittsburgh- ese.   You can look at --  get a dictionary of Pittsburgh- ese and find it.  So…

Mayor Lago:   Thank you.

Vice Mayor Anderson:   Anybody else?

Commissioner Fernandez: I do have a couple of comments. I'm in the area quite a bit during pickup and drop-off.  And I have to agree,  during drop-off, the park should not be an issue.   The park is not heavily used at drop-off time.  During pickup,  I do see your argument that the park is heavily used in the afternoon.   A lot of parents pick up their children from other schools and bring them to the park.   I think that' s something that as we continue to renovate our City parks and improve the City parks in other areas,  including Phillips Park,  hopefully beginning next year,  we will see some shift in that use,  but it is something that must be addressed. Because just seeing your pictures,  I've seen the cars parking in the swale every morning,  and I've seen the effect that it has on residences. Like Vice Mayor Anderson stated,  I myself have been a victim of people parking and blocking my driveway on a regular basis because of a business at the end of my block. So, I have seen that impact,  and in some cases,  we' ve tried to get the people to move and they just refused to do so.   We' ve had to call the police in order to get them out and remove them from blocking driveways.   What I would have liked to have seen prior to this is some sort of resolution between the school and the neighbors,  instead of having to get to this point where now we' re basically airing the neighborhood laundry here in the City Commission.   Between first and second reading,  like the Mayor said,  I think there needs to be a sit down and some sort of resolution between both sides on something that will work going forward.   If the plans are to expand,  I do have concerns because there is no parking there and that will be something that must be addressed. But I think the Mayor brought up a very good point of including the Manager in this conversation and the City Attorney,  because I think it' s also encumbered upon us in the City if we have made all these improvements on Salvadore Park,  that we are not creating more problems for the neighbors in the area and that we are part of finding a solution.   So, I think it' s something that we need to work together,  City,  the school,  and the neighbors on finding a solution that works for everybody.

Mayor Lago:   Commissioner Menendez.

Commissioner Menendez:   Thank you, Mayor.   Speaking of Salvadore Park,  I drove by the other evening,  and I noticed a great many cars parked,  I guess,  next to the dog park.   Is that --  have we

City Commission

Meeting

January

9, 2024

always had folks parking --?   Because it' s not --  it' s dirt basically,  between the playground area and the dog park.  I just see there are parks there --  cars everywhere parked.   I don' t know if that' s officially a parking spot or…

City Manager Iglesias:   Commissioner,  we' re looking --  I've already talked to -- after the dog park we opened the dog park, I noticed that that was a mud area,  and I've already talked to Public Works about changing that into some type of rock, like a granite, so that it can be used as a parking area,  yet not turn it into asphalt.

Commissioner Menendez: Okay,  because it is pretty clear that people are looking for parking spots where there aren' t any.   And I don' t recall in the past seeing cars there.   I too have --  I feel the same way.   The project in and of itself,  I think it' s a wonderful project,  well presented,  well thought out for all the right reasons,  but the fact that the different parties haven' t come to a meeting of the minds taints the whole process. We should be here celebrating a wonderful project that everybody can embrace,  but unfortunately,  there are a lot of loose ends.   So, that' s not a positive, not only with this item,  but with any item that comes before the City Commission. We' ve had plenty of items that just seem to sometimes unravel because one string is loose,  they pull and everything comes apart.   So, let' s try to avoid that.  I have a couple questions for, I guess,  the City Attorney.   Is -- so, the number of students that are allowed,  let' s start there.   That' s written where in terms of…

City Attorney SuÆrez:  In their prior approval,  and there' s a recorded covenant as well.  So --  and they' re not asking for an amendment to that or a change in connection…

Commissioner Menendez:   And I understand.

City Attorney

SuÆrez:  With this amendment.

Commissioner Menendez: Exactly. And I'm not saying they are or that they will,  but to understand the legal ramifications of that agreement or that document,  what happens if a school does expand?

City Attorney SuÆrez:  They would have to come before you and request that. You would all review it and request approval of an amendment to their prior approvals.

Commissioner Menendez:   And if we find out that they' ve added a hundred more students or 50 more students,  then what would the City have?

City Attorney SuÆrez:   So, they have to -- and maybe the planner can come up, but I think annually they submit an affidavit.   Isn' t that…?

City Commission

Meeting

January

9, 2024

City Planner Garcia:   City Planner,  Jennifer Garcia.   So,  they --  I believe they submit something every single year, every single school year to…

Ms. Russo:   I think it's done toward the middle of September.

Unidentified

Speaker:  ( INAUDIBLE)  every January.

Ms. Russo:   January.

City Planner

Garcia:   January,  okay.

Unidentified

Speaker:   We send a letter ( INAUDIBLE).

City Planner Garcia:   Right.

Ms. Russo:   Right,  each school has it a little bit differently. I think some have it at the end of September,  but all the schools I've represented that have student limitations provide an annual affidavit on the student enrollment.

Commissioner Menendez:   So, it's a viable legal binding agreement.

City Attorney SuÆrez:   Correct.   And if there was a violation,  then we would take action to enforce the covenant is what we would do.  That would be our recourse.

Commissioner Menendez: And I agree,  there are other schools,  I know the charter school on Segovia,  when they were approved,  all the schools have their limitations.

Ms. Russo:   Gulliver,  St. Thomas also have student…

Commissioner Menendez:   But I know people are watching,  they want to know, well, is it binding? So, that' s good to know.  In terms of the footprint of the school,  Madam City Attorney,  when 2002 there were agreements,  things that were approved,  was the footprint of the school limited in any documentation?

City Attorney SuÆrez:  So, there is a site plan that was approved.   This is one of the buildings that is part of that site plan that it was --  the existing structure is smaller than what they are proposing. They' re proposing to demolish the existing building within the site plan and construct a larger building.   Is that accurate?

Commissioner Menendez:   How about the building itself?

City Commission

Meeting

January

9, 2024

Ms. Russo:   The building itself is the same size.   The extra square footage comes from the now enclosed concrete walkway for security purposes.

Commissioner Menendez:   I'm talking about the campus.

Ms. Russo:   Those of you with small children know that you can' t -- you don' t want access to children.

City Attorney SuÆrez:   So,  this -my understanding is that this request does not change the boundaries of the site plan.

Ms. Russo:   That is correct.   The boundaries remain the same.

Commissioner Menendez:   My follow-up question,  and I totally understand having a property that people can --  visitors can stay, you know, close to the school,  the church.  When they acquired that property --  and I totally support and understand having it for guests --  did that change the footprint of the campus,  or is that something they should have notified the City that we' ve added a property?

City Attorney SuÆrez:  No, they have a right to purchase and own property.

Commissioner Menendez:   Okay.

City Attorney SuÆrez:   It has --  it is not connected to the site plan.

Commissioner Menendez:   Okay.   Right, and no, I just want to check off the boxes.

Ms. Russo:   Yeah,  to connect it, let' s just say,  we' re not going to do it, but let' s just say,  it would have to come before DRC, it would have to go before the Planning and Zoning Board, and it would be a change in land use and a change in zoning and a major amendment to the site plan.

Commissioner Menendez:   Like I said,  the fact that you' re not having classes or events,  it's --  I understand the need for it.  I just don' t want to cross that line at any point because it' s not good for the school,  the church,  or the City in general,  or obviously,  the residents.   I totally support the direction my colleagues are headed with between first and second reading.   I personally suggest don' t bring this back on second reading unless there' s a true agreement because we don' t want to repeat today.   And with regards to signage,  the residential permit,  I asked the City Manager,  that area does qualify for it, but again,  things have to be enforced and we all know because we have traffic circles,  we have speed bumps,  sometimes physical additions are required because people just regardless of what the sign says,  do whatever they want.   So, I'm in support of the direction my colleagues are headed with this first to second reading.

January

9, 2024

Mayor Lago:   Okay,  so we can close this out between first and second,  if I'm getting the vibe of what this Commission is headed. So,  we' re going to move forward on first reading.   To move forward,  obviously,  we' re going to take a vote now.   What we' re requesting between first and second is -- okay, would you like to say something?

Ms. Russo:   No, no.

Mayor Lago:   No, I just want to make sure.

Ms. Russo:   I'm just acknowledging that we' re going to be meeting with the City Attorney and City Manager.

Mayor Lago:   What I would like is for there to be a meeting between the applicant and the City, the City Attorney,  City Manager,  and yourself,  if any other residents would like to join, to make sure that we address the issues with the swales.   What are we talking about?   A swale package of one form or another,  or what the Vice Mayor said in regards to the opportunity to address resident parking,  which has to be enforced.   Again,  that puts another burden of proof on you, because I'll tell you why.   Because you have to call --  if someone parks there,  you have to call and get it enforced.   When you have the swale package in place, you' re not calling anybody because no one, unless they' re, you know,  destructive individuals and they park over the swale package,  I don' t think many people are going to park over that.  At least in my yard, which I have the swale package, the ferns,  you can' t park on the swale.   There' s no opportunity.   But if you really wanted to, you could.  You would potentially get your car stuck in there.  So, my point is that we' re going to move forward between first and second reading,  but there will be a meeting where you will be there.  I'm also asking for the Manager and for his team to please pick a day that they do not notify the applicant during school hours to make sure that we visit and we understand exactly what' s happening,  either during drop-off and pickup,  to get a better understanding of where we are right now in regards to what they' re facing in that neighborhood.   Are there anything else that we need to add as requests between first and second?

Vice Mayor Anderson:   With those conditions,  I would move it.  You know, they need to have a meeting also with our staff to understand what the choices are on these residential parking permit signs because then you have a decal or a paper that goes in on the car and someone will be ticketed if you call if they park there without having that permit sign.  So, make sure you study your choices so you can make the best informed choice.   You know, everybody likes something different.   We don' t all like the same flavor of ice cream.   So, really,  the choice is in your --  on you.

Mayor Lago:   The goal...

Mr. Tuyos:   Mr. Mayor, we didn' t want to be here.

Mayor Lago:   I know.

City Commission

Meeting

January

9, 2024

Agenda Item E-4 - Ordinance of the City Commission amending St. Philip' s School site plan approved under Ordinance No. 3576 to replace an existing building with a new pre- K building located at 1109 Andalusia Avenue,  Coral Gables,  Florida;  all other conditions of approval contained in Ordinance No. 3576 shall remain in effect.

Mr. Tuyos:   But the reality is that we' ve reached out ( INAUDIBLE).

Mayor Lago:   I think I'm going to think the words out of your mouth.   The intent of today is to turn a new leaf and hopefully start building a relationship between the school and yourself that is something where you can become partners.

Mr. Tuyos:   We' re open to it.

Mayor Lago: Become partners because you' re not going anywhere, the school' s not going anywhere,  the park' s not going anywhere.   So, what we need to do is work together so that we just continue to advance quality of life in the neighborhood.

Mr. Tuyos:   Agreed.

Mayor Lago:   I think Ms. Russo had a comment from a resident that you want to maybe deliver.

Ms. Russo:   No, that was Ed Diaz and I told him, he came up with an idea and I said let' s save that for when we all meet.

Mayor Lago:   I just wanted to make sure…

Ms. Russo:   Together.

Mayor Lago:   We put your idea on the record and please.

Ms. Russo:   He' s the chief operating officer, so he deals a lot with the parents and asking them not to park on swales ( INAUDIBLE).

Mayor Lago:   We welcome all ideas between first and second.   So, I need a motion,  if I may.

Vice Mayor Anderson:   I'll move it.

Commissioner Fernandez:   Second.

Vice Mayor Anderson:   Yes. Commissioner Castro:   Yes. Commissioner Fernandez:   Yes. Commissioner Menendez:   Yes. Mayor Lago:   Yes. Vote:  5-0)

City Commission

Meeting

January

9, 2024

Mayor Lago:   Do you know when this will be coming back,  Mr. Manager?   Do you know when this is coming back?

City Attorney SuÆrez:   So, it'd be, I think, up to the applicant when they' re ready to come back, as long as we have time to provide mail notice.

City Manager Iglesias:   I think we need to work on a few things before bringing it back.

Mayor Lago:   Yeah,  I think one meeting is going to be a little bit too quick.

Ms. Russo:   Right, I think --  I was going to say,  I think we should make it for the second meeting in February…

Mayor Lago:   Perfectly

fine.

Ms. Russo:   To give us enough time…

City Manager Iglesias:   I think so.

Ms. Russo:   With all our different schedules.

City Manager Iglesias:   I think that would be --  I think second meeting in February is right.

Mayor Lago:   Because I think that we can…

Ms. Russo:   Right, second meeting.

Mayor Lago:   I think we can potentially resolve this, find middle ground with those signs that the Vice Mayor mentioned could be really --  could really be an opportunity to really resolve it.   And any --  and again,  now' s the time to address other issues that are both beneficial for the school and for yourself.   And maybe the City can do better in that area.   Maybe we can be a better partner in one form or another.

Mr. Tuyos:   If we go the route of the signs,  I'll tell you right now, the signs --  and the reason I smile is because the signs are being used with tape lines to hold barricades that are not supposed to be there.

Mayor Lago:   And that' s what we' re going to -- and that' s what we' re going to talk about.

Mr. Tuyos:   And they' re not being enforced.

January

9, 2024

Vice Mayor Anderson: That' s why I said to meet with the Landscape Department. They' re fabulous.   We have a nice swale package.

Ms. Russo:   And maybe someone from Parks and Rec could also be at the meeting…

Mayor Lago:   Yes.

Commissioner Menendez:   Good idea.

Ms. Russo:   Since…

Commissioner Menendez:   Yeah.

Ms. Russo:   Along with the City Manager and the City Attorney.

Mayor Lago:   Mr. Manager will make sure that his team is there.

City Manager Iglesias:   Well, I think we cannot leave Salvadore issue --  park issue out, so I expect them to be there.

Mayor Lago:  Thank you.  So, we' ll --  then we' ll be hearing you from the end of February,  correct?

Ms. Russo:   The end of February,  yes.

Mayor Lago:   That gives enough time to have meetings and everything like that.

Ms. Russo:   Perfect.

Mayor Lago: Alright,  we' re going to take a five-minute break so everybody can go to the bathroom.

Mr. Tuyos:  Thank you.

Mayor Lago:   And then we' ll be back for E-8.  Thank you.

Ms. Russo:   Thank you, thank you.

January

9, 2024",Verbatim 01 09 2024 E-4,transcript,,verbatim_01_09_2024_E-4.md
resolution_2024-07,"---
DOCUMENT METADATA AND CONTEXT
=============================

**DOCUMENT IDENTIFICATION:**
- Document Type: RESOLUTION
- Title: A RESOLUTION OF THE CITY COMMISSION ACCEPTING THE RECOMMENDATION OF THE INNOVATION &amp; TECHNOLOGY DEPARTMENT ( IT) TO WAIVE THE COMPETITIVE PROCESS OF THE PROCUREMENT CODE AND CONTINUE PURCHASING AT&amp;T SOFTWARE AND HARDWARE MAINTENANCE AND SUPPORT ON AN ONGOING BASIS AS A SPECIAL PROCUREMENT/ BID WAIVER,  PURSUANT TO SECTION 2-691 OF THE CITY' S PROCUREMENT CODE.
- Source File: 2024-07 - 01_09_2024.pdf

**AGENDA LINKAGE:**
- Linked Agenda Item: H-2

**DOCUMENT DETAILS:**
- Document Number: 2024-07
- Meeting Date: N/A
- Adoption Date: N/A

**SEARCHABLE IDENTIFIERS:**
- DOCUMENT_TYPE: RESOLUTION
- AGENDA_ITEM: H-2

---



# DOCUMENT CONTENT

## CITY OF CORAL GABLES,  FLORIDA

## RESOLUTION NO. 2024- 07

A RESOLUTION OF THE CITY COMMISSION ACCEPTING THE RECOMMENDATION OF THE INNOVATION &amp; TECHNOLOGY DEPARTMENT ( IT) TO WAIVE THE COMPETITIVE PROCESS OF THE PROCUREMENT CODE AND CONTINUE PURCHASING AT&amp;T SOFTWARE AND HARDWARE MAINTENANCE AND SUPPORT ON AN ONGOING BASIS AS A SPECIAL PROCUREMENT/ BID WAIVER,  PURSUANT TO SECTION 2-691 OF THE CITY' S PROCUREMENT CODE.

WHEREAS, the current 911 PSAP ecosystem utilized by the City was originally purchased by the City from AT&amp; T in 2019 and requires on-going maintenance and support to maintain the system. AT&amp;T is the only authorized support and maintenance provider for this ecosystem, which is comprised of hardware,  software support &amp; maintenance, voice and Internet circuits,  onsite and remote repair services; and

WHEREAS, to continue full functionality of all city's 911 systems, phone lines, IP circuits and internet circuits a renewal of the annual maintenance is required, it is recommended that the City continues its services,  software and hardware support and maintenance with AT&amp;T. This request is for an estimated annual amount of $385,000 or an amount not to exceed the available budget on an ongoing basis as long as the current system is in place; and

WHEREAS, the City is seeking approval to purchase the on-going maintenance, services and support for the existing 911 ecosystem from AT&amp; T via bid waiver;  and

WHEREAS, Section 2-585 of the Procurement Code, entitled "" Authority""  authorizes the City Manager to delegate authority to the Procurement Officer to administer and make recommendations on contract awards;

## NOW, THEREFORE, BE IT RESOLVED BY THE CITY COMMISSION OF THE CITY OF CORAL GABLES:

SECTION 1.  The foregoing "" WHEREAS"" clauses are hereby ratified and confirmed as being true and correct and are hereby made a specific part of this Resolution upon adoption hereof.

SECTION 2. That the City Commission accepts the recommendation of the Innovation &amp; Technology Department and authorizes the City to continue purchase maintenance, services and hardware and software support with AT&amp;T annual maintenance service,  via bid waiver on an ongoing basis at an estimated annual amount of $ 385,000 or in an amount not to exceed the available budget pursuant to Section 2-691 of the City's Procurement Code.

Page 1 of 2 - Resolution No. 2024-07

herein.

SECTION 3.  That this Resolution shall become effective upon its passage and adoption

PASSED AND ADOPTED THIS NINTH DAY OF JANUARY, A.D., 2024. Moved:  Anderson /  Seconded:  Fernandez) Yeas: Castro, Fernandez, Menendez, Anderson, Lago) Unanimous:  5-0 Vote) Agenda Item: H-2)

APPROVED:

<!-- image -->

VINCE LAGO MAYOR

APPROVED AS TO FORM AND LEGAL SUFFICIENCY:

<!-- image -->

CRISTINA M. SUÀREZ CITY ATTORNEY

DocuSigned by:

Cudva

9A595ED64D304E8.

Page 2 of 2 - Resolution No. 2024-07

ATTEST:

<!-- image -->

BILLY Y. URQUIA CITY CLERK",Resolution 2024-07,resolution,,resolution_2024-07.md
verbatim_01_09_2024_E-5,"---
DOCUMENT METADATA AND CONTEXT
=============================

**DOCUMENT IDENTIFICATION:**
- Document Type: VERBATIM_TRANSCRIPT
- Source File: 01_09_2024 - Verbatim Transcripts - E-5.pdf
- Meeting Date: 01.09.2024

**TRANSCRIPT DETAILS:**
- Agenda Items Discussed: E-5
- Transcript Type: single_item
- Page Count: 1

**SEARCHABLE IDENTIFIERS:**
- DOCUMENT_TYPE: VERBATIM_TRANSCRIPT
- MEETING_DATE: 01.09.2024
- AGENDA_ITEM: E-5

**NATURAL LANGUAGE DESCRIPTION:**
This is the verbatim transcript from the 01.09.2024 City Commission meeting covering the discussion of agenda item E-5.

**QUERY HELPERS:**
- To find discussion about E-5, search for 'Item E-5' or 'E-5 discussion'
- To find all discussions from this meeting, search for '01.09.2024'
- This transcript contains the exact words spoken during the meeting

---

## AGENDA ITEMS COVERED

### What was discussed about Item E-5?
The discussion of Item E-5 is transcribed in this document.


# VERBATIM TRANSCRIPT CONTENT

## City of Coral Gables City Commission Meeting

## Agenda Item E-5

January 9, 2024

## City Commission Chambers

405 Biltmore Way, Coral Gables, FL

City Commission Mayor Vince Lago Vice Mayor Rhonda Anderson Commissioner Melissa Castro Commissioner Ariel Fernandez Commissioner Kirk Menendez

## City Staff

City Attorney,  Cristina

SuÆrez

City Manager,  Peter Iglesias

City Clerk, Billy Urquia

Planning Official, Jennifer Garcia

## Public Speaker( s)

Aky Fernandez

## Agenda Item E-5 [Start: 12:16 p.m.]

An Ordinance of the City Commission providing for text amendments to the City of Coral Gables Official Zoning Code ( Zoning Code), amending Article 10, Parking and Access,' Section 10-112 ' Miscellaneous Parking Standards,' creating provisions for considering reduction of parking requirements for affordable housing located near a major transit stop as required by the Live Local Act, Ch.  2023-17,  Laws of Florida;  providing for repealer provision,  severability clause,  codification,  and providing for an effective date.

Mayor Lago:  Moving onto item E-5.

City Attorney Suarez:  E-5 is an Ordinance of the City Commission providing for text amendments to the City of Coral Gables Official Zoning Code ( Zoning Code),  amending Article 10, ' Parking and Access,' Section 10-112 ' Miscellaneous Parking Standards,' creating provisions for considering reduction of parking requirements for affordable housing located near a major transit stop as required by the Live Local Act,  Ch.  2023- 17,  Laws of Florida;  providing for repealer

City Commission Meeting

provision,  severability clause,  codification,  and providing for an effective date.  This is a public hearing item.

Planning Official Garcia:  Good morning/ afternoon,  sorry afternoon,  Jennifer Garcia,  Planning Official. So, staff have been requested by the Commission to give a presentation about Live Local Act and its impact on Coral Gables.  We' ll run through some excerpts of the Act,  highlighting different issues and how it impacts Coral Gables and I'll close with legislation that was just read into the record about parking reductions.  If I can have the PowerPoint,  please.  Thank you. So, the Live Local Act also known as Senate Bill No. 102,  became effective July 1st of last year 2023. And the intent is to address the states of portability housing crisis by preempting local zoning regulations.  It also allows access to over $800 million dollars of funding through various financial programs.  So, the city, according to Live Local Act must authorize development at least 40 percent of its residential units to be deemed affordable,  and that' s up to 120 percent of that adjusted median income or AMI, and in developments only allowed to be in our mixed- use districts.  So, we have three mixed- use districts,  MX1, MX2, and MX3, that it will be applicable to, and you can see that on the map here.  The map on the left side is our northern portion of the city, which chose MX1, along 8th Street;  MX3 more or less on Ponce de Leon Boulevard,  a mix of mixed- use districts in our CBD and downtown area, as well as on the map on the right side is our second half of the city and that' s showing mixed-use in our Design and Innovation District,  along U.S.-1, as well as the urban center down by the City of South Miami at Red Road and Sunset.  So affordable is defined by Chapter 420 of the Florida State Statutes to mean the monthly rents, including taxes,  insurance, and utilities cannot cost more than 30 percent of the local median adjusted income ( AMI). In that case it' s Miami-Dade County.  So,  it's not considered for a city where… is going to be through countywide and that' s according to the Florida State Statutes.  So,  what is affordable?  There is a resource at floridahousing. org that has these rent limits that we' ll be referring to. So, you can see from the snippet here,  that there' s different percentages of the base of the AMI, which in MiamiDade County is 74,700, and what' s highlighted at the bottom is 120 percent of that amount.  So, for example,  a studio in our city could be deemed affordable and would be just over $ 2,100 and that would be the maximum rent that would be allowed.  Another example,  a two-bedroom would be just over $2,700. So, the Live Local Act also automatically approves height through the highest height within one mile. As you know, we have three zoning districts, MX1, 2, and 3, and that limits the heights.  However,  it's preempted that they will have the highest height within one mile. So, these are maps that our amazing GIS team provided for us and it's showing a radius from those MX2 and MX3 districts. MX2 district is a 70-foot height limitation that' s shown in the bluish/ gray color and 150 is the MX3 maximum height,  which is shown in the greenish color.  And then the density is also preempted by the state to be analyzed citywide.  So,  while the height is analyzed within one mile of the development,  the density is analyzed citywide maximum.  So, the maximum density in our city is 125 units an acre,  as our density is calculated by units per acre and the maximum is 125. So, we do have areas in our city that allow for a limited density that is our Central Business District and our Design and Innovation District, and if an affordable housing development would develop in those areas,  they would be allowed to have also a limited density, but not outside.

City Commission Meeting

Mayor Lago:  If I may, just as a refresher.  There may be a limited density,  but you' re still required to have a limit in regard to the size of the unit, correct.

Planning Official Garcia:  Yes. So, all those…

Mayor Lago:  That' s kind of your bookend.

Planning Official Garcia:  Yes.  So,  all those zoning parameters such as FAR,  maximum,  open space…

Mayor Lago: You are mentioning limited density and people think, oh my God, you give thousands of units in one building.  You can' t because you end up eating away at the square footage because you have a cap on a minimum size of a unit size.

Planning Official Garcia:  Correct.

City Manager Iglesias:  And parking.

Mayor Lago:  And parking,  so you keep going higher and the higher you go you meet the parking requirement,  the parking pedestals eat away.

Planning Official Garcia:  So,  the FAR,  the floor area ratio is very important to control how the scale of that development,  because 3.5 FAR, which is our maximum in our mixed- use district is quite limiting when it comes to reaching 190 feet. So, the ACT also preempts the approval process that has to be approved administratively for the density,  the height,  and the land use. So, properties in our zoning code right now, we require a conditional use process for properties that are greater than 20,000 square feet, and now it goes through the Development Review Committee,  the Board of Architects, Planning and Zoning,  and the City Commission. This will also apply for any development that would honor the Live Local Act to go through that process,  but the Commission would consider other zoning code regulations,  such as FAR,  such as open space on the ground level, parking as well, all those other zoning considerations.  The Commission is preempted to have consideration when it comes to use, height,  and density.  And any property that' s less than 20,000 square feet would not require the building peer review process.  It would go through DRC,  our Board of Architects,  and from there go to permitting.  So, in summary,  the preemption is for the use,  the density,  and the height.  The use is for mixed- use districts.  I just went through the map of where those districts are in our urban areas, analyzed citywide and the height is whatever is allowed within one mile of that proposed property.  So,  the legislation before you today is what the Live Local Act is requiring the city to consider and that is a parking reduction within a half-a-mile of the development and the city can define what major transit stop means.  So, the legislation before you is to find major transit stop as a metro station or the intersection of two or more major bus or trolley routes with frequencies of service intervals of 15 minutes or less,  during morning and afternoon peak commute periods. So, taking a look at the better bus network, there have been some improvements to our bus system,  and so this would apply to Flagler, 8th Street, Douglas,  and Coral Way. Those will meet the kind of high frequency bus routes.  This is the map showing half-a-mile

City Commission Meeting

from those intersecting points and also including the Metrorail stops. You can see it's mostly along our urban areas and then close to the City of South Miami.  So,  the criteria to request a parking reduction from the Commission would be half-a-mile from the major transit stop. It would have to be an accessible route from one quarter mile of that property of the development and a major transit stop. The Commission would consider any impact that parking reductions may have on a neighborhood and making sure its compatible with the surrounding area and the parking reductions are based on the size of the property.  So, a greater,  larger property would have less reduction and a larger reduction would be for the smaller properties and that would be to discourage larger,  taller buildings that may be out of character with the surrounding area.  And the Commission can also grant any rate of parking reductions that' s less than 6,000 square feet.  And that' s all I have.  So, staff is here, legal is here to answer any questions you may have. Thank you.

Vice Mayor Anderson:  I have one question on accessible route.  Let' s say that accessibility is defined as ADA compliant accessibility.

Planning Official Garcia:  Yes. So, I think we have, and I can bring it right now that the ordinance had,  sidewalks,  ramps,  crosswalks,  any way that' s easily to get to need proposed development to the major transit stop.

Vice Mayor Anderson:  Okay.

Commissioner Menendez:  I only have a question I brought up at agenda review.  You mentioned trolley stops and bus stops as triggering the need for this legislation or compatibility and I think in the discussion recently the county took away one of our, several bus stops or bus routes that we normally have.  So,  we' ll be passing legislation connected to particular bus stops when bus stops now, we know come and go, but once we approve this reduction in parking, even if those bus stops disappear down the road,  we still have the impact of today' s legislation.  I know we' re bound or required to do it, but its sort of not well thought out in Tallahassee,  but maybe that' s the norm these days.

Planning Official Garcia:  That' s the consideration the Commission makes if there' s a proposed development that once a reduction of parking maybe there' s a line that you think is not used that often,  maybe the concern that the county may remove it in the future, that' s up to your discretion.

City Attorney Suarez:  Right.  In each instance it will come to you all to consider and approve if that' s the will of the Commission to the parking reduction based on a consideration of the impact of the development on parking and the character of each particular neighborhood.

Planning Official Garcia:  And I just want to clarify that the ordinance doesn' t tie a consideration to a specific bus stop,  but it just defines a criteria to determine what a mass transit stop is, and so, if a bus stop is eliminated,  for example,  it wouldn' t require an amendment to the ordinance or to the zoning code, that criteria remain static.

Commissioner Menendez:  Okay. Thank you. I appreciate that feedback.

City Commission Meeting

Mayor Lago:  Thank you for the presentation.  You gave a good explanation of what we' re facing with Live Local. Any comments from the public.

City Clerk Urquia:  Yes sir. We have a member of the public on Zoom who would like to speak is Aky Fernandez.

Mayor Lago:  The floor is yours. Good afternoon.

Mr. Fernandez:  Good afternoon.  Can you hear me?

Mayor Lago:  Yes sir.

Mr. Fernandez:  Okay. Good afternoon,  everyone,  Aky Fernandez,  1542 Mendavia.  I'm a resident of the city lifelong.  Also, an architect and a builder.  Happy with this proposed legislation.  I think it' s a step in the right direction.  The only thing that I will say after sort of reading through it, you know frankly,  the reductions that are being proposed while I think they are well-intentioned,  I actually don' t think it' s going to go a significant way in terms of making the final product more affordable.  To be frank,  they need to be more generous,  the parking reductions,  if we' re actually going to see some of this inventory get built. I'll give you an example.  I have a project that I'm working on now, 10,000 square- foot project, we can fit anywhere between 15 to 16 parking spaces on that parcel,  surface parking.  You know, under this legislation,  a ten percent reduction would be a space and-a-half, maybe two spaces,  if I get a good interpretation.  That' s not necessarily going to make a huge difference in terms of how affordable the units are going to be.  I think maybe something that would help sort of give some reference is actually a local precedent that we have in Miami-Dade County, there' s something called the Urban Center Program;  and within the Urban Center Program sort of very similar along the lines of trying to give parking discounts for workforce housing along transit,  they basically -  I'm happy to share it with the Clerk and maybe he can distribute it to you all. They have a tiered system which basically gives a by-right workforce reduction of 25 percent and then when you are building within 500 feet of a rail station,  you can actually qualify for up to 100 percent reduction and then it goes in terms of, and then it reduces based on how far you are from a bus stop, etc., goes all the way to ten percent reduction.  And then the way that they do it in terms of parcel size is that parcels less than 15,000 square feet get up to 100 percent reduction,  and then parcel size between 15 to 30,000 feet get a 60 percent reduction; parcels greater than 30,000 get a 20 percent parking reduction.  And that' s kind of the way they do it. It' s just an idea.  I understand that this is a new sort of program that we have to, I think the Commission is obligated to at least try to make some kind of accommodation for parking,  but I think this is a reference that could sort of help guide the conversation.  And I just wanted to share it with you all. Thank you.

Mayor Lago:  Aky, thank you. I've had the pleasure meeting with Mr. Fernandez,  a very bright, young architect who has an interesting vision and take on potentially offering affordability in this community,  and he' s doing some interesting projects,  not only locally,  but throughout South Florida.  One of the big issues that we have to find a balance for, and this is something that I' ve

City Commission Meeting

talked to with Mr. Fernandez,  we' ve met on several occasions,  is the issue of finding that balance when you' re reducing parking.  One of the issues that we face today,  as you saw with the school, was,  if you reduce parking and we really don' t have a sufficient transit system,  that' s why years ago, and I lost on this. I advocated and the Commission supported me on a resolution to have actual rail on the south corridor and not to do BRT,  because I knew that the hundreds of millions of dollars that we' re spending on BRT, we're going to fall short on really delivering on worldclass transportation. Now we're seeing that already.  To really be able to provide massive parking reductions like other cities have done, for example,  New York, which some buildings don' t even have parking,  you really have to have a robust transportation system that really delivers on moving people.  Our bus system is not where it should be, number one,  and people are not going to ride, excuse me, not going to ride two or three or four modalities to get to work. What are the modalities? the bus, the people- mover,  the BRT, and then Metrorail.  In certain cases,  people are riding four modalities to get to work, two or three hours to get to work. They are just going to stick with their car.  So,  if we do significant parking reductions,  which again,  I think we need to do in the future, if we' re really going to be able to address the issue of affordability in our community,  especially for teachers,  police, fire, first responders,  the issue has to be where can we deliver on transportation so that people really,  really don' t need to use vehicles.  So,  he has an interesting concept that he showed me which I recommend that you show it to the other Commissioners that deals with Ponce, facing the Metrorail and it would be something interesting if that Metrorail connected to something for example,  Homestead,  FIU, Miami-Dade College,  Miami Beach,  where people could actually ride transportation and use one modality all the way from work and home. I recommend that you meet with him. Pretty sharp guy.

Vice Mayor Lago:  So,  I'm going to dovetail what you said,  because I was down there as well pushing for the rail and more recently you know when I had meetings with our state representatives I said, don' t do what California did and we' re going to end up with urban sprawl and no transportation because people will have to have a car to get somewhere.  If you want to have affordable living, you also have to have affordable transportation.  We always expect these transit services to turn a profit and it's just not realistic.  We always have money for asphalt.  We don' t have enough money for putting in rail and some of the feedback I got was, Tallahassee can' t put money into the rail. We' re really dependent upon the TPO and for the county to fund that program and get it to half, because it needs to go where people need to go. You need to go out to FIU, you need to get to the colleges,  you need to get effectively get to the airport,  because our airport rail is not like the one in Atlanta, New York, DC, where you can walk right out from getting your baggage and hop right on. You haven' t taken it, it's eye-opening to take it. It would be very, very patently obvious to you that it's inadequate in our county.

Mayor Lago:  Two other points just to add onto that because it' s all intertwined when you talk about the reduction in parking.  We also in this Commission,  before this Commission,  I'm not sure who, the Vice Mayor and the Commission we' re on, but we also wrote a resolution that I asked to oppose the highway that was being proposed from Homestead,  excuse me, Kendall,  I apologize, that would drop off next to my office there near Blue Lagoon.  They were talking about potentially having a savings of six or seven minutes on a commute,  but it was a billion-dollar highway program. We as a city, along with five or six other cities, we were the ones, we wrote the resolution.

City Commission Meeting

We went to the county in an effort to stop that - stop that and invest that money in real rail. Invest that money in real infrastructure that will deliver and remove cars from the streets.  And the second point that I think is critical, this is just since we' re talking here amongst the Commission,  we never get to do this, we might as well do it now, I think its important is we have to be very, very strict and we have to oppose moving the UDB line. Do not move the UDB line, to me, its catastrophic. I think we need to go vertical before we do more urban sprawl.  Like you said,  it's all investing. When you move the UDB line, its more asphalt and its more infrastructure that needs to be spent when you should be spending that money in the urban core to really have affordability,  because people are tired of driving two and three hours to work, the cost is significant.  It's interesting.

Commissioner Fernandez: During our trip to Tallahassee, we did have a conversation with Commissioner Higgins regarding the county' s plans and the work that they are doing right now to expand the Metro Mover out west to FIU and there was an appetite at the time,  or I guess now from Tallahassee to help fund these projects.

Vice Mayor Anderson:  I'm going to ask you to clarify, Mover or Rail.

Commissioner Fernandez:  Mover.

Vice Mayor Anderson:  That' s a long route for the Mover.

Commissioner Fernandez: It is a long route for the Mover,  but it is something that they are currently have commitments from Washington for funding for. So,  it is something that they are working on, and it looks like it has legs and will be able to move eventually.  There are those on the County Commission and in Tallahassee who are looking to maybe expand even further out west and further southwest,  but it is something that they are currently working on, and they look like they' d be able to get something done in the next couple of years.

Vice Mayor Anderson:  Interesting.  My husband worked for the Mover,  that' s basically a bus on top of a platform,  its rubber tires.

Commissioner Fernandez:  Correct.

Vice Mayor Anderson:  That' s why I'm saying that' s a really long route for them.

Commissioner Fernandez:  It is, and I guess that' s the way that they decided to move.  My dad actually was a quality assurance engineer for the Metro Mover for many years.  He worked with our ACM when he was there in transit.  It's definitely not Metro Rail. You can fit a lot less people, but it does have the ability to move a little bit quicker.   That' s the way that it has been explained to me. They' ll have more of them on the route and it's also cheaper to get the actual cars versus the rail cars.

Mayor Lago:  So,  when I was on the TPO before the city was removed,  because of the census,  I knew that we were doing a people mover to Miami Beach.  I'm going to look up to see,  I'm going

City Commission Meeting

to ask our representative,  the Director of the TPO to send me information because I know that they are trying to figure out ways to do it that is more affordable and they think the people mover could be an opportunity to save money,  but if they can get it out to FIU, trust me, it's a gamechanger. So, I want to - I'm going to call our director there and see if she can send us more info. Mr. Clerk anything else,  any other.

City Clerk Urquia:  No, Mr. Mayor.

Mayor Lago:  Alright. Can I get a motion.

Vice Mayor Anderson:  I'll move it.

Commissioner Fernandez:  I'll second.

Commissioner Fernandez:  Yes Commissioner Menendez:  Yes Vice Mayor Anderson:  Yes Commissioner Castro:  Yes Mayor Lago:  Yes Vote: 5-0)",Verbatim 01 09 2024 E-5,transcript,,verbatim_01_09_2024_E-5.md
resolution_2024-03,"---
DOCUMENT METADATA AND CONTEXT
=============================

**DOCUMENT IDENTIFICATION:**
- Document Type: RESOLUTION
- Title: A RESOLUTION OF THE CITY COMMISSION DIRECTING THE CITY CLERK TO SCHEDULE A JOINT MEETING BETWEEN THE CITY' S HISTORIC PRESERVATION BOARD AND LANDMARKS ADVISORY BOARD TO DISCUSS THE REPLACEMENT OF CERTAIN FLORIDA POWER AND LIGHT STREETLIGHTS THROUGHOUT THE CITY.
- Source File: 2024-03 - 01_09_2024.pdf

**AGENDA LINKAGE:**
- Linked Agenda Item: F-11

**DOCUMENT DETAILS:**
- Document Number: 2024-03
- Meeting Date: N/A
- Adoption Date: N/A

**SEARCHABLE IDENTIFIERS:**
- DOCUMENT_TYPE: RESOLUTION
- AGENDA_ITEM: F-11

---



# DOCUMENT CONTENT

## CITY OF CORAL GABLES, FLORIDA

## RESOLUTION NO. 2024- 03

A RESOLUTION OF THE CITY COMMISSION DIRECTING THE CITY CLERK TO SCHEDULE A JOINT MEETING BETWEEN THE CITY' S HISTORIC PRESERVATION BOARD AND LANDMARKS ADVISORY BOARD TO DISCUSS THE REPLACEMENT OF CERTAIN FLORIDA POWER AND LIGHT STREETLIGHTS THROUGHOUT THE CITY.

WHEREAS, Florida Power and Light (FPL) is working towards replacing certain lighting throughout the City; and

WHEREAS,  the City Commission desires that the Historic Preservation Board and the Landmarks Advisory Board hold a joint meeting to discuss replacement options and provide guidance to the City Commission on appropriate replacements;

## NOW,  THEREFORE, BE IT RESOLVED BY THE COMMISSION OF THE CITY OF CORAL GABLES:

SECTION 1. That the foregoing ' WHEREAS'  clauses are hereby ratified and confirmed as being true and correct and are hereby made a specific part of this Resolution upon adoption hereof.

SECTION 2. That the City Commission directs the City Clerk to schedule a joint meeting of the City' s Historic Preservation Board and Landmarks Advisory Board as soon as practicable so that the boards may discuss the replacement of certain lights throughout the City and provide guidance to the City Commission on appropriate replacements.

SECTION 3. That the meeting should be appropriately noticed and advertised so that interested members of the public may participate, that public comment shall be allowed, that all board members should be provided notice of the meeting, and that the meeting should be advertised in the City' s e-news each week once the date is set until the the date of the meeting.

SECTION 3. That this Resolution shall become effective upon the date of its passage and adoption herein.

PASSED AND ADOPTED THIS NINTH DAY OF JANUARY, A.D., 2024. Moved:  Fernandez / Seconded:  Castro) Yeas: Fernandez, Menendez, Anderson, Castro, Lago) Unanimous:  5-0 Vote) Agenda Item: F-11)

APPROVED:

<!-- image -->

VINCE LAGO MAYOR

APPROVED AS TO FORM AND LEGAL SUFFICIENCY:

DocuSigned by:

<!-- image -->

CRISTINA M. SU`REZ CITY ATTORNEY

2~)

34D2D88BEA354B6 .

ATTEST:

<!-- image -->

BILLY Y. URQUIA CITY CLERK",Resolution 2024-03,resolution,,resolution_2024-03.md
resolution_2024-04,"---
DOCUMENT METADATA AND CONTEXT
=============================

**DOCUMENT IDENTIFICATION:**
- Document Type: RESOLUTION
- Title: A RESOLUTION OF THE CITY COMMISSION PURSUANT TO FLORIDA STATUTE 166.
- Source File: 2024-04 - 01_09_2024.pdf

**AGENDA LINKAGE:**
- Linked Agenda Item: E-9

**DOCUMENT DETAILS:**
- Document Number: 2024-04
- Meeting Date: N/A
- Adoption Date: N/A

**SEARCHABLE IDENTIFIERS:**
- DOCUMENT_TYPE: RESOLUTION
- AGENDA_ITEM: E-9

---



# DOCUMENT CONTENT

## CITYOFCORALGABLES, FLORIDA

## RESOLUTION NO. 2024- 04

A RESOLUTION OF THE CITY COMMISSION PURSUANT TO FLORIDA STATUTE 166.0451, APPROVING A BLANK INVENTORY LIST OF CITYOWNED REAL PROPERTY WITHIN CORAL GABLES WHICH IS APPROPRIATE FOR USE AS AFFORDABLE HOUSING.

WHEREAS, during the 2023 legislative session, the Florida Legislature enacted Chapter Law 2023- 017, also known as the Live Local Act; and

WHEREAS,  the Live Local Act contains several requirements and preemptions of local law related to affordable housing,  including those requirements contained in Section 166.0451,  Florida Statutes;  and

WHEREAS,  more specifically,  Section 166.0451,  Florida Statutes provides that a municipality must prepare and publish an inventory list of all real property within its jurisdiction to which the municipality or any dependent special district within its boundaries holds fee simple title which is appropriate for use as affordable housing; and

WHEREAS,  Section 166.0451, Florida Statutes further provides that the governing body of the municipality must review the inventory list at a public hearing , adopt a resolution establishing the inventory list, and publish the list on its website; and

WHEREAS,  the statute does not define what qualifies a property as appropriate' for use as affordable housing,  therefore appropriateness may be determined by the municipality; and

WHEREAS, city-owned real property within Coral Gables consists of parks, retail storefronts, parking facilities, community and recreational amenities, historic and civic monuments, and government buildings (full list attached); and

WHEREAS, such properties contribute to the quality of life of city residents, the economic vitality of the city' s downtown and are necessary to house city staff and departmental offices; and

WHEREAS, the City Commission therefore finds that the current portfolio of city-owned properties within the city' s boundaries is not appropriate for use or development as affordable housing;

## NOW, THEREFORE,  BE IT RESOLVED BY THE COMMISSION OF THE CITY OF CORAL GABLES:

SECTION 1.  That the foregoing ' WHEREAS' clauses are hereby ratified and confirmed as being true and correct and are hereby made a specific part of this Resolution upon adoption hereof.

SECTION 2.  That the City Commission approves the attached inventory list of city-owned real property within Coral Gables which is appropriate for use as affordable housing.

SECTION 3.  That the City Commission directs the City Clerk to publish the attached inventory list and this resolution on the city's website.

SECTION 4. That this Resolution shall become effective upon its passage and adoption herein.

PASSED AND ADOPTED THIS NINTH DAY OF JANUARY,  A.D., 2024. Moved: Anderson / Seconded: Menendez) Yeas:  Castro,  Fernandez,  Menendez,  Anderson,  Lago) Unanimous: 5-0 Vote) Agenda Item:  E-9)

APPROVED:

<!-- image -->

APPROVED AS TO FORM AND LEGAL SUFFICIENCY:

<!-- image -->

ATTEST:

<!-- image -->

BILLY Y. URQUIA CITY CLERK",Resolution 2024-04,resolution,,resolution_2024-04.md
resolution_2024-01,"---
DOCUMENT METADATA AND CONTEXT
=============================

**DOCUMENT IDENTIFICATION:**
- Document Type: RESOLUTION
- Title: A RESOLUTION OF THE CITY COMMISSION APPOINTING JUDITH ALEXANDER ( NOMINATED BY COMMISSIONER FERNANDEZ) TO SERVE AS A MEMBER OF THE SENIOR CITIZENS ADVISORY BOARD,  FOR THE REMAINDER OF AN UNEXPIRED TERM,  WHICH BEGAN ON JUNE 1,  2023 AND CONTINUES THROUGH MAY 31, 2025.
- Source File: 2024-01 - 01_09_2024.pdf

**AGENDA LINKAGE:**
- Linked Agenda Item: D-1

**DOCUMENT DETAILS:**
- Document Number: 2024-01
- Meeting Date: N/A
- Adoption Date: N/A

**SEARCHABLE IDENTIFIERS:**
- DOCUMENT_TYPE: RESOLUTION
- AGENDA_ITEM: D-1

---



# DOCUMENT CONTENT

ATTEST:

<!-- image -->

BILLY Y. URQUIA CITY CLERK

## CITY OF CORAL GABLES, FLORIDA

## RESOLUTION NO. 2024-01

A RESOLUTION OF THE CITY COMMISSION APPOINTING JUDITH ALEXANDER ( NOMINATED BY COMMISSIONER FERNANDEZ) TO SERVE AS A MEMBER OF THE SENIOR CITIZENS ADVISORY BOARD,  FOR THE REMAINDER OF AN UNEXPIRED TERM,  WHICH BEGAN ON JUNE 1,  2023 AND CONTINUES THROUGH MAY 31, 2025.

## BE IT RESOLVED BY THE COMMISSION OF THE CITY OF CORAL GABLES:

SECTION 1. That the City Commission does hereby approve the appointment of Judith Alexander to serve as a member of the Senior Citizens Advisory Board.

SECTION 2. That the appointment term which began on June 1,  2023 continues through May 31, 2025.

SECTION 3.   That said Resolution shall become effective upon its passage and adoption herein.

PASSED AND ADOPTED THIS NINTH DAY OF JANUARY,  A.D., 2024. Moved:  Anderson /  Seconded:  Fernandez) Unanimous Voice Vote) Agenda Item:  D-1)

APPROVED:

<!-- image -->

APPROVED AS TO FORM AND LEGAL SUFFICIENCY:

<!-- image -->",Resolution 2024-01,resolution,,resolution_2024-01.md
agenda_01_09_2024,"---
DOCUMENT METADATA AND CONTEXT
=============================

**DOCUMENT IDENTIFICATION:**
- Document Type: AGENDA
- Meeting Date: N/A
- Meeting Time: 9:00 AM
- Meeting Location: City Hall, Commission Chambers

**ENTITIES IN THIS DOCUMENT:**
- AGENDA_ITEM: A.-1.
- AGENDA_ITEM: A.-2.
- AGENDA_ITEM: A.-3.
- AGENDA_ITEM: A.-4.
- AGENDA_ITEM: B.-1.
- AGENDA_ITEM: D.-1.
- AGENDA_ITEM: D.-2.
- AGENDA_ITEM: 1.-1.
- AGENDA_ITEM: 1.-2.
- AGENDA_ITEM: 1.-3.
- ... and 28 more items

**SEARCHABLE IDENTIFIERS:**
- DOCUMENT_TYPE: AGENDA
- AGENDA_ITEM: A.-1.
- AGENDA_ITEM: A.-2.
- AGENDA_ITEM: A.-3.
- AGENDA_ITEM: A.-4.
- AGENDA_ITEM: B.-1.
- AGENDA_ITEM: D.-1.
- AGENDA_ITEM: D.-2.
- AGENDA_ITEM: 1.-1.
- AGENDA_ITEM: 1.-2.
- AGENDA_ITEM: 1.-3.
- AGENDA_ITEM: 1.-4.
- AGENDA_ITEM: 1.-5.
- AGENDA_ITEM: 1.-6.
- AGENDA_ITEM: 1.-7.
- AGENDA_ITEM: 2.-1.
- AGENDA_ITEM: E.-1.
- AGENDA_ITEM: E.-2.
- AGENDA_ITEM: E.-3.
- AGENDA_ITEM: E.-4.
- AGENDA_ITEM: E.-5.
- AGENDA_ITEM: E.-6.
- AGENDA_ITEM: E.-7.
- AGENDA_ITEM: E.-8.
- AGENDA_ITEM: E.-9.
- AGENDA_ITEM: F.-1.
- AGENDA_ITEM: F.-2.
- AGENDA_ITEM: F.-3.
- AGENDA_ITEM: F.-4.
- AGENDA_ITEM: F.-5.
- AGENDA_ITEM: F.-6.
- AGENDA_ITEM: F.-7.
- AGENDA_ITEM: F.-8.
- AGENDA_ITEM: F.-9.
- AGENDA_ITEM: F.-10.
- AGENDA_ITEM: F.-11.
- AGENDA_ITEM: H.-1.
- AGENDA_ITEM: H.-2.
- AGENDA_ITEM: H.-3.

---

## AGENDA ITEMS QUICK REFERENCE

### Agenda Item A.-1.
**Title:** Presentation of a Proclamation declaring December 16, 2023 as 'Coral Gables Congregational United Church of Christ Day'.
**Section:** A. PRESENTATIONS AND PROTOCOL DOCUMENTS
**Reference:** 23-6764

**What is Item A.-1.?**
Item A.-1. is 'Presentation of a Proclamation declaring December 16, 2023 as 'Coral Gables Congregational United Church of Christ Day'.'

### Agenda Item A.-2.
**Title:** Recognition of Coral Gables Fire Department Rescue 4 Crew by the City of Miami Fire Department.
**Section:** A. PRESENTATIONS AND PROTOCOL DOCUMENTS
**Reference:** 23-6792

**What is Item A.-2.?**
Item A.-2. is 'Recognition of Coral Gables Fire Department Rescue 4 Crew by the City of Miami Fire Department.'

### Agenda Item A.-3.
**Title:** Congratulations to Firefighter Nicholas Balsera recipient of the City of Coral Gables 'Firefighter of the Month Award,' for the month of January 2024.
**Section:** A. PRESENTATIONS AND PROTOCOL DOCUMENTS
**Reference:** 23-6793

**What is Item A.-3.?**
Item A.-3. is 'Congratulations to Firefighter Nicholas Balsera recipient of the City of Coral Gables 'Firefighter of the Month Award,' for the month of January 2024.'

### Agenda Item A.-4.
**Title:** Congratulations to Officer Michael Aleman, recipient of the City of Coral Gables 'Officer of the Month Award,' for October 2023.
**Section:** A. PRESENTATIONS AND PROTOCOL DOCUMENTS
**Reference:** 23-6863

**What is Item A.-4.?**
Item A.-4. is 'Congratulations to Officer Michael Aleman, recipient of the City of Coral Gables 'Officer of the Month Award,' for October 2023.'

### Agenda Item B.-1.
**Title:** Regular City Commission Meeting of November 14, 2023.
**Section:** B. APPROVAL OF MINUTES
**Reference:** 23-6735

**What is Item B.-1.?**
Item B.-1. is 'Regular City Commission Meeting of November 14, 2023.'

### Agenda Item D.-1.
**Title:** A Resolution of the City Commission appointing Judith Alexander to serve as a member of the Senior Citizens Advisory Board.
**Section:** D. CONSENT AGENDA
**Reference:** 23-6830

**What is Item D.-1.?**
Item D.-1. is 'A Resolution of the City Commission appointing Judith Alexander to serve as a member of the Senior Citizens Advisory Board.'

### Agenda Item D.-2.
**Title:** A Resolution of the City Commission confirming the appointment of John 'Miles' Maronto to serve as a member of the Transportation Advisory Board.
**Section:** D. CONSENT AGENDA
**Reference:** 23-6829

**What is Item D.-2.?**
Item D.-2. is 'A Resolution of the City Commission confirming the appointment of John 'Miles' Maronto to serve as a member of the Transportation Advisory Board.'

### Agenda Item 1.-1.
**Title:** Cultural Development Board Meeting of November 8, 2023.
**Section:** 1. Presentation of Boards and/or Committees minutes requesting no action from the City Commission
**Reference:** 23-6797

**What is Item 1.-1.?**
Item 1.-1. is 'Cultural Development Board Meeting of November 8, 2023.'

### Agenda Item 1.-2.
**Title:** Landscape Beautification Advisory Board Meeting of December 14, 2023.
**Section:** 1. Presentation of Boards and/or Committees minutes requesting no action from the City Commission
**Reference:** 23-6857

**What is Item 1.-2.?**
Item 1.-2. is 'Landscape Beautification Advisory Board Meeting of December 14, 2023.'

### Agenda Item 1.-3.
**Title:** Planning and Zoning Board Meeting of November 8, 2023.
**Section:** 1. Presentation of Boards and/or Committees minutes requesting no action from the City Commission
**Reference:** 23-6674

**What is Item 1.-3.?**
Item 1.-3. is 'Planning and Zoning Board Meeting of November 8, 2023.'

### Agenda Item 1.-4.
**Title:** School Community Relations Committee Meeting of November 17, 2023.
**Section:** 1. Presentation of Boards and/or Committees minutes requesting no action from the City Commission
**Reference:** 23-6787

**What is Item 1.-4.?**
Item 1.-4. is 'School Community Relations Committee Meeting of November 17, 2023.'

### Agenda Item 1.-5.
**Title:** Sustainability Advisory Board Meeting of October 25, 2023.
**Section:** 1. Presentation of Boards and/or Committees minutes requesting no action from the City Commission
**Reference:** 23-6815

**What is Item 1.-5.?**
Item 1.-5. is 'Sustainability Advisory Board Meeting of October 25, 2023.'

### Agenda Item 1.-6.
**Title:** Transportation Advisory Board Meeting of October 17, 2023.
**Section:** 1. Presentation of Boards and/or Committees minutes requesting no action from the City Commission
**Reference:** 23-6814

**What is Item 1.-6.?**
Item 1.-6. is 'Transportation Advisory Board Meeting of October 17, 2023.'

### Agenda Item 1.-7.
**Title:** Waterway Advisory Board Meeting of November 1, 2023.
**Section:** 1. Presentation of Boards and/or Committees minutes requesting no action from the City Commission
**Reference:** 23-6818

**What is Item 1.-7.?**
Item 1.-7. is 'Waterway Advisory Board Meeting of November 1, 2023.'

### Agenda Item 2.-1.
**Title:** A Resolution of the Coral Gables Historic Preservation Board requesting that the City Commission direct that any removal of silver streetlights by FPL throughout the City cease immediately.
**Section:** 2. Presentation of Boards and/or Committees draft/final minutes requesting action from the City Commission
**Reference:** 23-6882

**What is Item 2.-1.?**
Item 2.-1. is 'A Resolution of the Coral Gables Historic Preservation Board requesting that the City Commission direct that any removal of silver streetlights by FPL throughout the City cease immediately.'

### Agenda Item E.-1.
**Title:** An Ordinance of the City Commission amending the Cocoplum Phase 1 Security Guard District.
**Section:** E. PUBLIC HEARINGS
**Reference:** 23-6723

**What is Item E.-1.?**
Item E.-1. is 'An Ordinance of the City Commission amending the Cocoplum Phase 1 Security Guard District.'

### Agenda Item E.-2.
**Title:** An Ordinance of the City Commission amending Section 1-2 'Definitions and Rules of Construction' of the City Code.
**Section:** E. PUBLIC HEARINGS
**Reference:** 23-6785

**What is Item E.-2.?**
Item E.-2. is 'An Ordinance of the City Commission amending Section 1-2 'Definitions and Rules of Construction' of the City Code.'

### Agenda Item E.-3.
**Title:** An Ordinance of the City Commission amending Section 1-104 'Jurisdiction and Applicability' of the City's Zoning Code.
**Section:** E. PUBLIC HEARINGS
**Reference:** 23-6786

**What is Item E.-3.?**
Item E.-3. is 'An Ordinance of the City Commission amending Section 1-104 'Jurisdiction and Applicability' of the City's Zoning Code.'

### Agenda Item E.-4.
**Title:** An Ordinance of the City Commission amending St. Philip's School site plan approved under Ordinance No. 3576.
**Section:** E. PUBLIC HEARINGS
**Reference:** 23-6567

**What is Item E.-4.?**
Item E.-4. is 'An Ordinance of the City Commission amending St. Philip's School site plan approved under Ordinance No. 3576.'

### Agenda Item E.-5.
**Title:** An Ordinance of the City Commission providing for text amendments to the City of Coral Gables Official Zoning Code.
**Section:** E. PUBLIC HEARINGS
**Reference:** 23-6826

**What is Item E.-5.?**
Item E.-5. is 'An Ordinance of the City Commission providing for text amendments to the City of Coral Gables Official Zoning Code.'

### Agenda Item E.-6.
**Title:** An Ordinance of the City Commission providing for text amendments to the City of Coral Gables Official Zoning Code.
**Section:** E. PUBLIC HEARINGS
**Reference:** 23-6827

**What is Item E.-6.?**
Item E.-6. is 'An Ordinance of the City Commission providing for text amendments to the City of Coral Gables Official Zoning Code.'

### Agenda Item E.-7.
**Title:** An Ordinance of the City Commission providing for text amendments to the City of Coral Gables Official Zoning Code.
**Section:** E. PUBLIC HEARINGS
**Reference:** 23-6828

**What is Item E.-7.?**
Item E.-7. is 'An Ordinance of the City Commission providing for text amendments to the City of Coral Gables Official Zoning Code.'

### Agenda Item E.-8.
**Title:** An Ordinance of the City Commission providing for a text amendment to the City of Coral Gables official Zoning Code.
**Section:** E. PUBLIC HEARINGS
**Reference:** 23-6881

**What is Item E.-8.?**
Item E.-8. is 'An Ordinance of the City Commission providing for a text amendment to the City of Coral Gables official Zoning Code.'

### Agenda Item E.-9.
**Title:** A Resolution of the City Commission approving a blank inventory list of city-owned real property within Coral Gables.
**Section:** E. PUBLIC HEARINGS
**Reference:** 23-6825

**What is Item E.-9.?**
Item E.-9. is 'A Resolution of the City Commission approving a blank inventory list of city-owned real property within Coral Gables.'

### Agenda Item F.-1.
**Title:** Update on Uber Pilot Program.
**Section:** F. CITY COMMISSION ITEMS
**Reference:** 23-6762

**What is Item F.-1.?**
Item F.-1. is 'Update on Uber Pilot Program.'

### Agenda Item F.-2.
**Title:** Update regarding Pittman Park.
**Section:** F. CITY COMMISSION ITEMS
**Reference:** 23-6779

**What is Item F.-2.?**
Item F.-2. is 'Update regarding Pittman Park.'

### Agenda Item F.-3.
**Title:** Update on Development Services Department.
**Section:** F. CITY COMMISSION ITEMS
**Reference:** 23-6783

**What is Item F.-3.?**
Item F.-3. is 'Update on Development Services Department.'

### Agenda Item F.-4.
**Title:** Discussion regarding Form 6 financial disclosure by municipal elected officials.
**Section:** F. CITY COMMISSION ITEMS
**Reference:** 23-6862

**What is Item F.-4.?**
Item F.-4. is 'Discussion regarding Form 6 financial disclosure by municipal elected officials.'

### Agenda Item F.-5.
**Title:** Discussion regarding the Christmas decorations on Miracle Mile.
**Section:** F. CITY COMMISSION ITEMS
**Reference:** 23-6868

**What is Item F.-5.?**
Item F.-5. is 'Discussion regarding the Christmas decorations on Miracle Mile.'

### Agenda Item F.-6.
**Title:** Discussion regarding the tree canopy replacement.
**Section:** F. CITY COMMISSION ITEMS
**Reference:** 23-6869

**What is Item F.-6.?**
Item F.-6. is 'Discussion regarding the tree canopy replacement.'

### Agenda Item F.-7.
**Title:** Update of arrival of the White Way Lights.
**Section:** F. CITY COMMISSION ITEMS
**Reference:** 23-6875

**What is Item F.-7.?**
Item F.-7. is 'Update of arrival of the White Way Lights.'

### Agenda Item F.-8.
**Title:** Update on the maintenance plan for the White Way Lights.
**Section:** F. CITY COMMISSION ITEMS
**Reference:** 23-6874

**What is Item F.-8.?**
Item F.-8. is 'Update on the maintenance plan for the White Way Lights.'

### Agenda Item F.-9.
**Title:** Update on the naming of the park in honor of SSGT Carl Enis.
**Section:** F. CITY COMMISSION ITEMS
**Reference:** 23-6878

**What is Item F.-9.?**
Item F.-9. is 'Update on the naming of the park in honor of SSGT Carl Enis.'

### Agenda Item F.-10.
**Title:** A Resolution of the City Commission directing the City Clerk and City Manager to schedule bimonthly presentation and protocol ceremonies.
**Section:** F. CITY COMMISSION ITEMS
**Reference:** 23-5686

**What is Item F.-10.?**
Item F.-10. is 'A Resolution of the City Commission directing the City Clerk and City Manager to schedule bimonthly presentation and protocol ceremonies.'

### Agenda Item F.-11.
**Title:** A Resolution of the City Commission directing the City Clerk to schedule a joint meeting between the City's Historic Preservation Board and Landmarks Advisory Board.
**Section:** F. CITY COMMISSION ITEMS
**Reference:** 23-6832

**What is Item F.-11.?**
Item F.-11. is 'A Resolution of the City Commission directing the City Clerk to schedule a joint meeting between the City's Historic Preservation Board and Landmarks Advisory Board.'

### Agenda Item H.-1.
**Title:** A Resolution of the City Commission accepting the recommendation of the Chief Procurement Officer to authorize access to a 'piggyback' contract.
**Section:** H. CITY MANAGER ITEMS
**Reference:** 23-6819

**What is Item H.-1.?**
Item H.-1. is 'A Resolution of the City Commission accepting the recommendation of the Chief Procurement Officer to authorize access to a 'piggyback' contract.'

### Agenda Item H.-2.
**Title:** A Resolution of the City Commission accepting the recommendation of the Innovations AT&T Procurement/Bid and Technology Department to waive the competitive process.
**Section:** H. CITY MANAGER ITEMS
**Reference:** 23-6824

**What is Item H.-2.?**
Item H.-2. is 'A Resolution of the City Commission accepting the recommendation of the Innovations AT&T Procurement/Bid and Technology Department to waive the competitive process.'

### Agenda Item H.-3.
**Title:** Illegal dumping mitigation technology update.
**Section:** H. CITY MANAGER ITEMS
**Reference:** 23-6765

**What is Item H.-3.?**
Item H.-3. is 'Illegal dumping mitigation technology update.'


# FULL AGENDA TEXT

## City of Coral Gables

405 Biltmore Way Coral Gables, FL 33134 www.coralgables.com

<!-- image -->

## Agenda - Final

Tuesday, January 9, 2024

9:00 AM

City Hall, Commission Chambers

## City Commission

Mayor Vince Lago Vice Mayor Rhonda Anderson Commissioner Melissa Castro Commissioner Ariel Fernandez Commissioner Kirk R. Menendez

Peter J. Iglesias, P.E., City Manager Cristina M. Suárez, City Attorney Billy Y. Urquia, City Clerk

The City of Coral Gables will be holding its Regular Meeting on Tuesday, January 9, 2024 commencing at 9:00 a.m.

Members of the public may participate in person, but are also able to participate via the Zoom platform. Members of the public may join the meeting via Zoom at (https://zoom.us/j/3054466800). In addition, a dedicated phone line will be available so that any individual who does not wish (or is unable) to use Zoom may listen to and participate in the meeting by dialing: (305) 461-6769 Meeting ID: 3054466800. To speak prior to the City Commission taking action on an Agenda Item, please ""Raise your Hand"" or send a message to one of the meeting hosts using the Zoom Platform. If you joined the meeting via telephone, you can ""Raise your Hand"" by pressing *9.

The public may comment on an item on the agenda using the City's already-established e-comment function which may be found on the City's website at: www.coralgables.com/commissionmeetings) once the meeting's agenda is published or by sending an email to cityclerk@coralgables.com prior to the start of the meeting.

The Meeting will also be broadcasted live for members of the public to view on the City's website www.coralgables.com/cgtv) as well as Channel 77 on Comcast.

## CALL TO ORDER

## INVOCATION

## PLEDGE OF ALLEGIANCE

## A. PRESENTATIONS AND PROTOCOL DOCUMENTS

| A.-1.   | 23-6764   | Presentation of a Proclamation declaring December 16, 2023 as ""Coral Gables Congregational United Church of Christ Day"".                               |
|---------|-----------|--------------------------------------------------------------------------------------------------------------------------------------------------------|
| A.-2.   | 23-6792   | Recognition of Coral Gables Fire Department Rescue 4 Crew by the City of Miami Fire Department.                                                        |
| A.-3.   | 23-6793   | Congratulations to Firefighter Nicholas Balsera recipient of the City of Coral Gables 'Firefighter of the Month Award,' for the month of January 2024. |
| A.-4.   | 23-6863   | Congratulations to Officer Michael Aleman, recipient of the City of Coral Gables 'Officer of the Month Award,' for October 2023.                       |

## B. APPROVAL OF MINUTES

- B.-1. 23-6735 Regular City Commission Meeting of November 14, 2023.

## C. PUBLIC COMMENTS

During this portion of the meeting, an individual may address the City Commission on an item that is on the agenda or on a matter which is not on the agenda, but within the scope of the City Commission's jurisdiction. If the individual wishes to address the City Commission on an item that is on the agenda, the individual shall not be given an opportunity to speak again once the item is called. An individual who wishes to speak during a public hearing where the City Commission is sitting in a quasi -judicial capacity, must speak during the public hearing for that item.

Individuals who speak during the open public comment portion of the meeting shall be given three (3) minutes during which to address the City Commission. At the conclusion of one (1) hour, if the open public comment section of the meeting has not ended, it shall end automatically, in order to proceed with the rest of the agenda.

## D. CONSENT AGENDA

All items listed within this section entitled ""Consent Agenda"" are considered to be self-explanatory  and  are  not  expected  to  require  additional  review  or  discussion,  unless  a member  of  the  City  Commission  or  a  citizen  so  requests,  in  which  case,  the  item  will  be removed from the Consent Agenda and considered along with the regular order of business.  Hearing  no  objections  to  the  items  listed  under  the ""Consent  Agenda"",  a  vote on the adoption of the Consent Agenda will be taken.

## D.-1. 23-6830

A Resolution of the City Commission appointing Judith Alexander (Nominated by Commissioner  Fernandez)  to  serve  as  a  member  of  the  Senior  Citizens  Advisory  Board, for the remainder  of  an  unexpired  term,  which  began  on  June 1, 2023 and  continues through May 31, 2025.

## D.-2. 23-6829

A  Resolution  of  the  City  Commission  confirming  the  appointment  of  John  'Miles'  Maronto (Nominated  by  Board-As-A-Whole)  to  serve  as  a  member  of  the  Transportation  Advisory Board,  for  a  two  (2)  year  term  which  began  on  June  1,  2023 and  continues  through  May 31, 2025.

## 1. Presentation of Boards and/or Committees minutes requesting no action from the City Commission:

- 1.-1. 23-6797 Cultural Development Board Meeting of November 8, 2023.

## 1.-2.

- 23-6857 Landscape Beautification Advisory Board Meeting of December 14, 2023.

## 1.-3.

- 23-6674 Planning and Zoning Board Meeting of November 8, 2023.

- 1.-4. 23-6787 School Community Relations Committee Meeting of November 17, 2023.

- 1.-5. 23-6815 Sustainability Advisory Board Meeting of October 25, 2023.

- 1.-6. 23-6814 Transportation Advisory Board Meeting of October 17, 2023.

- 1.-7. 23-6818 Waterway Advisory Board Meeting of November 1, 2023.

- 2. Presentation of Boards and/or Committees draft/final minutes requesting action from the City Commission [Note: A vote to accept the minutes does not mean approval of the substance within the minutes]:

## Time Certain 11:00am (Agenda Item 2-1)

## 2.-1. 23-6882

A  Resolution  of the Coral Gables  Historic Preservation  Board  requesting  that the City Commission  direct that any removal of silver streetlights by FPL  throughout the City cease  immediately;  requesting  that  the  City  Commission  direct  the  Historic  Preservation Board  and  Landmarks  Advisory  Board  to  work  with  City  Staff  to  research  and  recommend a City standard  streetlight as  well as  recommended  areas  for  that  standard  streetlight; and requesting that the City Commission adopt that standard streetlight.

## E. PUBLIC HEARINGS

All Individuals testifying in a quasi-judicial proceeding shall be sworn in.

Presentations made to the City Commission are subject to the City's False Claims Ordinance, Ch. 39 of the City of Coral Gables Code.

## ORDINANCES ON SECOND READING

## E.-1. 23-6723

An  Ordinance  of  the  City  Commission  amending  the  Cocoplum  Phase 1 Security  Guard District, as created by Miami-Dade County pursuant to County Ordinance 95-214, to expand  the  scope  of  services  to  include  additional  security  measures  including  but  not limited to security cameras.

[Sponsored by Commissioner Menendez]

## Agenda Items E-2 and E-3 are related

## E.-2. 23-6785

An  Ordinance  of  the City Commission  amending  Section 1-2 'Definitions and  Rules  of Construction'; Section 2-464 'Same-Authority to Fix Schedule of Charges; Method of Determination'; Section 2-1091 'City-Owned Property Sale or Lease Generally; Advertised Public Bidding Process; Section 18-2 'Canvas of Returns; Duty of Commission; Declaration of Results'; Section 34-60 'Statement of Costs; Filing; Publication of Work; Cost and Lien'; Section 34-239 'Forfeiture Proceedings'; Section 58-53 'Statement of Costs; Publication'; Section 58-119 'Notice by Publication'; Section 62-329 'Procedures Relating to Applications'; Section 62-331 'Adoption of Ordinance'; Section 78-281 'Requirement for Underground Utilities'; Section 101-109 'Notices'; Section 109-41 'Permit Application ProceduresClass 1 Permits'; and Section 109-42 'Same-  Class  2 Permits'  of  the  City  Code  in  order  to  provide  a  definition  of  publication and  remove  the  requirement  for  newspaper  publication,  providing  for  a  repealer  provision, severability clause, codification, and providing for an effective date.

## E.-3. 23-6786

An Ordinance of the City Commission amending Section 1-104 'Jurisdiction and Applicability'; Section 8-109 'Moving of Existing Improvements'; Section 8-106 'Certificates of Appropriateness';  Section  14-209.4;  Section  14-215.3 'Notice  and  Hearing Procedures'; Section 15-102 'Notice' of the City's Zoning Code  in order to provide a definition  of  publication  and  remove  the  requirement  for  newspaper  publication,  providing for a repealer provision, severability clause, codification, and  providing for an effective date.

## ORDINANCES ON FIRST READING

## E.-4. 23-6567

An  Ordinance  of  the  City  Commission  amending  St. Philip's School  site  plan  approved under Ordinance No. 3576 to replace an existing building with a new pre-K building located  at  1109 Andalusia  Avenue,  Coral  Gables,  Florida;  all  other  conditions  of  approval contained  in  Ordinance  No.  3576 shall  remain  in  effect;  and  providing  an  effective  date. (11 03 23 PZB recommended approval with conditions, Vote 7-0)

## E.-5. 23-6826

## E.-6. 23-6827

## E.-7. 23-6828

- An  Ordinance  of  the  City  Commission  providing  for  text  amendments  to  the  City  of  Coral Gables  Official  Zoning  Code  (Zoning  Code),  amending  Article  10,  'Parking  and  Access,' considering reduction  of    parking  requirements  for  affordable  housing  located  near  a  major  transit  stop 2023-17,  Laws  of  Florida;  providing  for  repealer

Section 10-112 'Miscellaneous Parking Standards,' creating provisions for as  required  by  the  Live  Local  Act,  Ch. provision, severability clause, codification, and providing for an effective date.

An  Ordinance  of  the  City  Commission  providing  for  text  amendments  to  the  City  of  Coral Gables Official Zoning Code, amending  Article 1, 'General Provisions,' Section 1-104 'Jurisdiction and Applicability,' amending provisions for the citing of city facilities to include  facilities  for  workforce  housing  that  are  owned,  financed,  or  operated  by  the  City, the  County,  or  other  public  (governmental)  entity  as  required  by  the  Code  of  Miami-Dade County Section 33-193.7 'Applicability in the Incorporated and Unincorporated Areas; Minimum Standards; Exemptions.,' providing for repealer provision, severability clause, codification, and providing for an effective date.

- An  Ordinance  of  the  City  Commission  providing  for  a  text  amendment  to  the  City  of  Coral Gables  Official  Zoning  Code,  Creating  Section  5-314 'Window  and  Hurricane  Shutters'  to Code, Chapter  1-General  Provisions,  Section  1-7 entitled  'Penalties'  to  provide  a  penalty  for  the closure  of  window  and  hurricane  shutters  outside  of  the  hurricane  season;  providing  for

regulate the closure of window  and  hurricane shutters and amending  the City severability clause, repealer provision, codification, and providing for an effective date. (Sponsored by Commissioner Fernandez)

## E.-8. 23-6881

An  Ordinance  of  the  City  Commission  providing  for  a  text  amendment  to  the  City  of  Coral Gables  official Zoning  Code,  amending  Article 11. 'Signs,' Section  11-107 'Real  Estate, For  Sale,  Lease  or  Rental  of  Property  or  Buildings,'  to  apply  same  regulations  to  signs pertaining  to  the  sale,  lease,  or  rental  of  property  or  buildings  in  any  use  district;  providing for severability clause, repealer provision, codification, and providing for an effective date. (Sponsored by Commissioner Fernandez)

## RESOLUTIONS

## E.-9. 23-6825

A  Resolution  of  the  City  Commission  pursuant  to  Florida  Statute 166.0451,  approving  a blank  inventory  list  of  city-owned  real  property  within  Coral  Gables  which  is  appropriate for use as affordable housing.

## F. CITY COMMISSION ITEMS

## F.-1. 23-6762

Update on Uber Pilot Program.

(Sponsored by Mayor Lago)

## F.-2. 23-6779

Update regarding Pittman Park

(Sponsored by Mayor Lago)

## F.-3. 23-6783

Update on Development Services Department. (Sponsored by Commissioner Castro)

## F.-4. 23-6862

Discussion regarding Form 6 financial disclosure by municipal elected officials. (Sponsored by Commissioner Menendez)

## F.-5. 23-6868

Discussion regarding the Christmas decorations on Miracle Mile.

(Sponsored by Commissioner Fernandez)

## F.-6. 23-6869

Discussion regarding the tree canopy replacement.

(Sponsored by Commissioner Fernandez)

## F.-7. 23-6875

Update of arrival of the White Way Lights. (Sponsored by Mayor Lago)

## F.-8. 23-6874

Update on the maintenance plan for the White Way Lights. (Sponsored by Mayor Lago)

## F.-9. 23-6878

Update on the naming of the park in honor of SSGT Carl Enis. (Sponsored by Mayor Lago)

## F.-10. 23-5686

A Resolution of the City Commission directing the City Clerk and City Manager to schedule bimonthly presentation and protocol ceremonies. (Sponsored by Commissioner Fernandez)

## F.-11. 23-6832

A  Resolution  of  the  City  Commission  directing  the  City  Clerk  to  schedule  a  joint  meeting between  the  City's  Historic  Preservation  Board  and  Landmarks  Advisory  Board  to  discuss the replacement of certain Florida power and Light streetlights throughout the City. (Sponsored by Commissioner Fernandez)

## G. BOARDS/COMMITTEES ITEMS

None

## H. CITY MANAGER ITEMS

## H.-1. 23-6819

A Resolution of the City Commission accepting the recommendation of the Chief Procurement Officer to authorize access to a 'piggyback' contract through the Sourcewell  Cooperative  with Oshkosh  Corporation (Pierce Manufacturing) in an amount not  to  exceed  the  available  budget  for  firefighting  equipment,  pursuant  to  Section 2-946, Use  of  Other  Governmental  Unit  Contracts (Piggyback)  and  Section  2-947,  Cooperative Purchasing under the Procurement Code.

## H.-2. 23-6824

- A  Resolution  of  the  City  Commission  accepting  the  recommendation  of  the  Innovations AT&amp;T Procurement/Bid

and Technology Department to waive the competitive process to purchase Communication Service Maintenance and Support as a 'Special Waiver,' pursuant to Section 2-691of the Procurement Code.

## H.-3. 23-6765

- Illegal dumping mitigation technology update.

## I. CITY ATTORNEY ITEMS

None

## J. CITY CLERK ITEMS

None

## K. DISCUSSION ITEMS

This time is for informal discussion  among  the  City  Commissioners,  the  City  Manager and the City Attorney

## ADJOURNMENT

## NOTE

Any  person  who  acts  as  a  lobbyist  pursuant  to  the  City  of  Coral  Gables  Ordinance  No . 2006-11,  must  register  with  the  City  Clerk,  prior  to  engaging  in  lobbying  activities  before city  staff, boards,  committees  and/or  the  City  Commission.    A  copy  of  the  Ordinance  is available in the Office of the City Clerk, City Hall.

Any  person,  or  persons,  wishing  to  appeal  any  decision  made  by  the  City  Commission with  respect  to  any  matter  considered  at  this  meeting  or  hearing,  will  require  a  verbatim record  of  the  proceeding  upon  which  the  appeal  is  based.    Interested  persons  should, therefore,  take  the  necessary  steps  to  ensure  that  a  verbatim  record  of  the  proceedings is made which contains the testimony and evidence upon which the appeal is based.

Any  person  making  impertinent  or  slanderous  remarks  or  who  become  boisterous  while addressing the Commission, shall be barred from further audience before the Commission by the Chair, unless permission to continue or again address the Commission is granted by the majority vote of the Commission Members present. Clapping, applauding, heckling or verbal outbursts or any remarks in support or opposition  to  a  speaker  shall  be  prohibited.    Signs  or  placards  shall  not  be  permitted  in Commission Chambers.

Any  person  who  needs  assistance  in another language  in order to speak  during the public  hearing  or  public  comment  portion  of  the  meeting  should  contact  the  City 's ADA Coordinator Raquel Elejabarrieta, Esq., Director of Labor Relations and Risk Management (E-mail: relejabarrieta@coralgables.com, Telephone: 305-722-8686, TTY/TDD: 305-442-1600), at least three (3) business days before the meeting.

Billy Y. Urquia

City Clerk

Printed on 1/04/2024  5:42 PM",Agenda 01 09 2024,agenda,,agenda_01_09_2024.md
resolution_2024-05,"---
DOCUMENT METADATA AND CONTEXT
=============================

**DOCUMENT IDENTIFICATION:**
- Document Type: RESOLUTION
- Title: A RESOLUTION OF THE CITY COMMISSION OF THE CITY OF CORAL GABLES,  FLORIDA DIRECTING THE CITY CLERK AND CITY MANAGER TO IMPLEMENT A PILOT PROGRAM SETTING PRESENTATION AND PROTOCOL ITEMS AT TIME CERTAINS DURING THE REGULAR CITY COMMISISON ITEMS.
- Source File: 2024-05 - 01_09_2024.pdf

**AGENDA LINKAGE:**
- Linked Agenda Item: F-10

**DOCUMENT DETAILS:**
- Document Number: 2024-05
- Meeting Date: N/A
- Adoption Date: N/A

**SEARCHABLE IDENTIFIERS:**
- DOCUMENT_TYPE: RESOLUTION
- AGENDA_ITEM: F-10

---



# DOCUMENT CONTENT

## CITY OF CORAL GABLES, FLORIDA

## RESOLUTION NO.  2024- 05

A RESOLUTION OF THE CITY COMMISSION OF THE CITY OF CORAL GABLES,  FLORIDA DIRECTING THE CITY CLERK AND CITY MANAGER TO IMPLEMENT A PILOT PROGRAM SETTING PRESENTATION AND PROTOCOL ITEMS AT TIME CERTAINS DURING THE REGULAR CITY COMMISISON ITEMS.

WHEREAS,  the City of Coral Gables City Commission has long honored individuals, employees, and organizations during the presentations and protocol documents section of the regular City Commission meetings; and

WHEREAS,  as the City continues to honor its residents, businesses and employes, and continues to issue proclamations honoring various groups, weeks, and declaring certain months and weeks for certain causes the City has discovered that when honoring multiple people,  the presentation and protocol items may delay the start of the regular business of the City Commission; and

WHEREAS, to properly acknowledge the recipients of those presentation and protocol documents the City Commission would like to begin a pilot program in order to set two (2) time certain agenda items, as needed, in order to take up the presentation and protocol items on the agenda;

## NOW,  THEREFORE, BE IT RESOLVED BY THE COMMISSION OF THE CITY OF CORAL GABLES:

SECTION 1. That the foregoing ' WHEREAS'  clauses are hereby ratified and confirmed as being true and correct and are hereby made a specific part of this Resolution upon adoption hereof.

SECTION 2. That the City Commission hereby directs the City Clerk to set two times certain,  if needed,  on the City Commission agendas for presentation and protocol items. Presentation and Protocol items should be heard first on the agenda, following any invocation or pledge of allegiance, at 9:00 am.  If needed,  a second time certain at 12:30 pm should be set for any additional presentation and protocol items, with a brief lunch break to follow immediately thereafter.

SECTION 3. That the City Commission will continue to evaluate these procedures going forward.

SECTION 4.  That this Resolution shall become effective upon the date of its passage and adoption herein.

PASSED AND ADOPTED THIS NINTH DAY OF JANUARY A.D., 2024. Moved:  Menendez /  Seconded:  Fernandez) Unanimous Voice Vote) Agenda Item:  F-10)

APPROVED:

<!-- image -->

APPROVED AS TO FORM AND LEGAL SUFFICIENCY:

<!-- image -->

CRISTINA M. SU`REZ CITY ATTORNEY

34D2D88BEA35486 .

ATTEST:

<!-- image -->",Resolution 2024-05,resolution,,resolution_2024-05.md
ordinance_2024-03,"---
DOCUMENT METADATA AND CONTEXT
=============================

**DOCUMENT IDENTIFICATION:**
- Document Type: ORDINANCE
- Title: AN ORDINANCE OF THE CITY COMMISSION AMENDING SECTION 1- 104 &lt; JURISDICTION AND APPLICABILITY=; SECTION 8- 109 &lt; MOVING OF EXISTING IMPROVEMENTS=; SECTION 8- 106 &lt; CERTIFICATES OF APPROPRIATENESS=; SECTION 14- 209.
- Source File: 2024-03 - 01_09_2024.pdf

**AGENDA LINKAGE:**
- Linked Agenda Item: E-3

**DOCUMENT DETAILS:**
- Document Number: 2024-03
- Meeting Date: N/A
- Adoption Date: N/A

**SEARCHABLE IDENTIFIERS:**
- DOCUMENT_TYPE: ORDINANCE
- AGENDA_ITEM: E-3

---



# DOCUMENT CONTENT

## CITY OF CORAL GABLES, FLORIDA

## ORDINANCE NO. 2024- 03

AN ORDINANCE OF THE CITY COMMISSION AMENDING SECTION 1- 104 &lt; JURISDICTION AND APPLICABILITY=; SECTION 8- 109 &lt; MOVING OF EXISTING IMPROVEMENTS=; SECTION 8- 106 &lt; CERTIFICATES OF APPROPRIATENESS=; SECTION 14- 209. 4; SECTION 14- 215. 3. &lt; NOTICE AND HEARING PROCEDURES=; SECTION 15- 102 &lt; NOTICE= OF THE CITY9S ZONING CODE IN ORDER TO PROVIDE A DEFINITION OF PUBLICATION AND REMOVE THE REQUIREMENT FOR NEWSPAPER ~~ PUBLICATION, PROVIDING FOR A REPEALER PROVISION, SEVERABILITY CLAUSE, CODIFICATION, AND AN EFFECTIVE DATE.

WHEREAS, in 2022 the State Legislature adopted HB 7049Legal Notices, amending the legal notice requirements in Chapter 50, Florida Statues; and

WHEREAS beginning January 1, 2023 Cities are now permitted to publish all required legal notices and advertisements on a publicly accessible website as specified in Florida Statue 50. 0311 ; and

WHEREAS, the City has traditionally advertised and published required notices in newspapers of general circulation however, there have been recent cost increases and fewer options available for publication in newspapers; and

WHEREAS, as the number of newspaper subscribers continues to shrink and the City turns to more responsive and lower cost online notices, including e-news, social media, and the City9s revised website, the City wishes to take advantage of the option to publish legal notices on a publicly accessible website and amend the Zoning Code accordingly, and

WHEREAS, Miami-Dade County will establish a County- wide website for legal notices, as required in Florida Statutes, and the City will be able to utilize that website for legal notices; and

WHEREAS, the City will proceed to publish annual notices in a newspaper of general circulation pointing residents to the City9s online notices as required in Florida Statutes; and

WHEREAS, the City estimates that the move to online notifications will result in over fifty percent savings in annual publication costs; and

WHEREAS, in conjunction with this move to online legal advertising the City will conduct an education campaign so that City residents and interested parties are aware of the shift to online publication; and

WHEREAS, during the adoption on first reading of this Ordinance the City Commission determined that this item need not go to the City Planning and Zoning Board prior to second reading;

## NOW, THEREFORE, BE IT ORDAINED BY THE COMMISSION OF THE CITY OF CORAL GABLES, FLORIDA:

SECTION 1. That the foregoing &lt; WHEREAS= clauses are hereby ratified and confirmed as being true and correct and are hereby made a specific part of this Ordinance upon adoption hereof

SECTION 2. That the City of Coral Gables Zoning Code be amended as indicated in the attached Exhibit A!:

SECTION 3. All Ordinances or parts of Ordinances inconsistent or in conflict with the provisions of this Ordinance are hereby repealed.

SECTION 4. If any section, part of section, paragraph, clause, phrase or word of this Ordinance is declared invalid, the remaining provisions of this Ordinance shall not be affected.

SECTION 5. It is the intention of the Commission of the City of Coral Gables, Florida, that the provisions of this Ordinance shall become and be made part of the City of Coral Gables Zoning Code and that the sections of this &lt; Ordinance= may be changed to &lt; section=, &lt; article=, or such other appropriate word or phrase in order to accomplish such intentions.

SECTION 6. If the City of Coral Gables Zoning Code Table of Contents or other reference portions is affected by these provisions, then changes are approved as a part of this Ordinance.

SECTION 7. This Ordinance shall become effective upon its passage and adoption herein.

PASSED AND ADOPTED THIS NINTH DAY OF JANUARY, A. D., 2024. Moved: Fernandez / Seconded: Anderson) Yeas: Castro, Fernandez, Menendez, Anderson, Lago) Unanimous: 5- 0 Vote)

Agenda Item:

E- 3)

81! Deletions are indicated by strikethrough. Insertions are indicated by underline.

ATTEST:

<!-- image -->

BILLY Y. URQUIA CITY CLERK

## APPROVED:

<!-- image -->

APPROVED AS TO FORM AND LEGAL SUFFICIENCY:

DocuSigned by: Castine Med 9AS95ED64D304E8... CRISTINA M. SUAREZ CITY ATTORNEY

## EXHIBIT A

## Section 1- 104. Jurisdiction and applicability.

These regulations shall govern the development and use of land, buildings and structures within the corporate limits of the City.

No building, structure, water or land shall be used or occupied, and no building, structure or land shall be developed unless in conformity with all of the provisions of the zoning district in which it is located, all other applicable regulations and all development approvals.

Notwithstanding any other provision of this code to the contrary, the City of Coral Gables shall not be bound by the procedures or provisions contained in the zoning code in the construction, modification, or operation any city facility listed below, and the provisions of this subsection shall control.

City facilities enumerated. The City Commission may establish or modify by resolution any of the following city facilities operated by or on behalf of the City of Coral Gables, where the City Commission may direct without regard to the zoning or use classification of any particular site or location: public parks, playgrounds and buildings, and structures supplementary and incidental to such uses; fire stations; police stations; public water and sewer treatment and distribution facilities; public libraries; public buildings and centers; public auditoriums, arenas, museums, art galleries and convention halls solid-waste collection and disposal facilities; public maintenance and equipment yards; public bus stations and other governmental facility uses as determined by the City Commission.

Notice and public hearing required. The City Commission may only authorize the construction, modification or operation of the City facilities enumerated in paragraph | above by resolution following public hearing.

Notice of the above public hearing shall be ' published a Hewspaper of generat circulation d ida at least ten ( 10) days prior to the date of the public hearing t before the City Commission, which publication shall include the time and place of the hearing before the City Commission.

A courtesy notice containing general information as to the date, time and place of the hearing, the property location and the general nature of the application may be mailed to property owners of record within a radius of 1000 feet of the property described in the application or a greater distance as the Development Review Official may prescribe, provided, however, the failure to mail or receive such courtesy notice shall not affect any action taken hereunder.

To provide additional notice to the public, the property shall be posted by a sign or signs indicating the action desired and the time and place of the public hearing. Failure to post such property shall not affect any action taken hereunder.

At the public hearing, the City Commission shall consider, among other factors, the type of function involved, the public need therefor, the existing land use pattern in the area, alternative locations for the facility and the nature of the impact of the facility on the surrounding property.

After considering these factors, the City Commission shall take such action as is necessary to provide for and protect the public health, safety and welfare of the citizens and residents of the City of Coral Gables.

Administrative Approval of Non- Substantial Change. For governmental facilities plans approved in accordance with this section, the Development Review Official is hereby authorized to approve changes that the Development Review Official determines to be non- substantial, as demonstrated by the following factors:

Development density and intensity have not materially changed;

Design has not materially changed, provided that:

Relocation of roadways, including ingress and egress, is determined not to create traffic obstructions and is approved by the Public Works Department;

Relocation, reconfiguration, or reduction of the parking area and its spaces does not impact adjoining properties, and the Development Review Official determines that sufficient spaces for the use are retained;

Modification of building setbacks from perimeter property lines does not negatively impact adjoining properties, or the modification is mitigated to minimize the impact,

Reconfiguration of the landscaped open space does not diminish any previously approved buffering or separation from surrounding properties;

Modification to walls or fences does not diminish previously approved buffering or separation from surrounding properties;

Conversion of a use, facility, or element to another use, facility, or element remains within the scope of the previously approved plan;

Addition of uses, facilities, or elements not shown in the previously approved plans either: do not increase lot coverage, or decrease required open space, by greater than 10 percent;

Relocation or modification of signage remains consistent with the intent of the approved plan in size, height

## Section 8-109. Moving of existing improvements.

The moving of significant improvements from their original location shall be discouraged; however, the Historic Preservation Board may grant a Special Certificate of Appropriateness if it finds that no reasonable alternative is available for preserving the improvement on its original site and that the proposed relocation site is compatible with the historic and architectural integrity of the improvement.

Section 8- 106. Certificates of Appropriateness.

BRS

ORG

AR

AR

A

AS

Re

2

OR

OIE

fe

fs

i

8

EE

BS

AR

AS

A

OAS

AS

AS

AR

AC

2

fs

2s

OIE

2

2

24

24S

24s

2h

os

2

A

AR

oie

fe

ek

2c

oie

2

co

2

ok

2

ae

a

ok

ok

ok

A public notice of a request fora pec Certificate of OF Appropriatencss s shall be Published one 1) time t#- a- ne 3 ; Miami- Dade County, Florida, 2 t a least ten ( 10) days prior to the date of such hearing, All such notices published i#- -newspaper- shall a state in substance the request and shall give the date, time, and place of the public hearing. All properties being considered by the Historic Preservation Board for a request for a Special Certificate of Appropriateness shall be posted at least ten ( 10) days in advance of the public hearing. Such posting shall consist of a sign, the face surface of which shal! be not be larger than forty ( 40) square inches and shall contain the following language:

Notice of Public Hearing

By [ insert name of decision making body]

Phone [ insert phone}

insert email address]

Hearing date [ insert date]

Application or hearing number [ insert number]

The posting of the property shall comply with Article 15 of these regulations.

SRR

8

2A

2

AS

AS

AR

2S

OAS

OR

SR

A

AR

2

AS

ASS

2

fk

ss

HR

2

AR

ES

A

AR

A

A

A

AR

AC

AS

es

4

2

Af

2

2

2

2

oR

fe

fe

ke

ok

2

ok

Section 14- 209. 4. City Commission zoning in progress resolution review and decision.

The City Commission shall review the Zoning in Progress Resolution at the next available regularly scheduled meeting following the submittal of the Zoning in Progress request.

The City Commission shall make preliminary findings and accordingly approve or deny the proposed Zoning in Progress Resolution.

Should the City Commission determine that a moratorium pending the preparation of a detailed and comprehensive analysis of the area in question is reasonably necessary or desirable, it shall:

Approve the Zoning in Progress Resolution; and

Order a fixed time, not to exceed ninety ( 90) days, within which City staff shall report to the Planning and Zoning Board and the City Commission with its report, a proposed ordinance amending these regulations, and recommendations relating to a potential moratorium.

The Zoning in Progress Resolution shall be for a period not to exceed the first regularly scheduled City Commission meeting after one hundred twenty ( 120) days, unless an extension not exceeding forty ( 40) days is ordered pursuant to section F below.

The City Commission on its own motion or otherwise may extend any Zoning in Progress Resolution for a longer period of time if reasonably necessary and the public interest requires.

Should City staff be unable to report back to the City Commission within the time prescribed by its order, upon timely request by City staff and after public hearing on the need, the City Commission may extend the time limitation one ( 1) time for a period not to exceed forty ( 40) days.

Upon adoption of the Zoning i n i Progress Resolution, the city C Clerk shall publish t the ' adopted resolution # 124 p cen B i Miami- Dade County-- Floride, within ten ( 10) days following the date2 of f o adoption,

## Section 14-215. 3. Notice and hearing procedures.

The City shall publish i- a- newspaper- of City and shall display general circulation inthe on the City' s public notice bulletin board and on its website a Notice of a Request for City Commission Review of Government Settlement, and shall maintain copies of the Request available for review in the Development Services Department and the City Clerk' s Office. The notice shall advise the public that the City is evaluating whether the specific zoning or land use approvals being sought as part of the proposed Government Settlement comply with applicable provisions of the Zoning Code. The notice shall include a summary of the zoning or land use approvals being sought, how to view a copy of the request, how comments on the request can be presented to the City in writing or in person, and the date, location and time that a public hearing will be held on the request before the City Commission. A notification containing this information shall also be mailed by the City Clerk at least ten ( 10) days prior to the public hearing to the property owners of record, as well as property owners within a radius of one thousand ( 1, 000) feet of the property described in the request, if the request is site-specific.

Development Review Officer report and recommendation. The report and recommendation of the Development Review Officer shall be submitted to the City Manager based upon the requirements of this Article, shall be limited to the proposed zoning and land use approvals, shall be advisory in nature, and shall not be binding in the approval proceedings. The form of the recommendation and the time for receipt of the recommendation shall be as established by the City Manager

City Attorney Recommendation. After receipt and consideration of the Development Review Officer recommendation, the City Attorney, in consultation with the City Manager, shall submit a recommendation to the City Commission with regard to approval of the Government Settlement. The City Attorney9s recommendations with regard to the proposed land use and zoning approvals in the proposed Government Settlement shall be based upon the requirements of this Article.

## Section 15- 102. Notice.

In every case where a public hearing is required pursuant to the provisions of these regulations and other applicable Florida Statute requirements, the City shall provide a Notice of Public Hearing in the manner set out in this section and as summarized in the following table:

Types of Public Notices 1, 2, 4, 5

Timing of Notice Before...

| Type of Application        | e of he las otice (   | Boar Eel 3 | if required).   | First Commission| Public Hearing | . . . | ) ( if required) (   | Second Commissi | on Public Hearing if required)   |
|----------------------------|-----------------------|------------------------------|-----------------------------------------------------------------|----------------------------------------------------|
| Abandonment and Vacations? | ian _                 | 10 days                      | 4S4_o~ n# m!)}) j]949!}! j 9!}'# 44 =                           | 10 days |                                          |
|                            | rose                  | 10 days |                    |                                                                 |                                                    |
| f 4                        | Mail | i              | 13 days . 4-                 | 13 days                                                         | 2S |                                               |
| Annexation                 | Pub lica tion | ) |   | 10 days                      | =                                                               | 10 days                                            |
| 7 - |                      | Mail |                | 13days |                     | |                                                               |                                                    |
| 8Appeals                   | Publica! tion |       | 10 days                      |                                                                 | 10 days |                                          |
|                            | 4] | ross             | 10 days                      |                                                                 |                                                    |
| ee |                       | Mail |                | 13days |                     | 13 days                                                         |                                                    |
| Board of Architects        | ross |                | 5 days                       |                                                                 |                                                    |

| fo [ Type of Application                                                            | Type of agar Notice (                                                  | Board Publ... ic Hearing . if required|                                | - _ First Commission| Public Hearing | 4_,. . . . ) ( if required) (   | Second Commissi on Public Hearing if required)                         |
|-------------------------------------------------------------------------------------|------------------------------------------------------------------------|------------------------------------------------------------------------|------------------------------------------------------------------------|------------------------------------------------------------------------|
| Comprehensive PlanAmendments 7 i 7                                                  | Comprehensive PlanAmendments 7 i 7                                     | Comprehensive PlanAmendments 7 i 7                                     | Comprehensive PlanAmendments 7 i 7                                     | Comprehensive PlanAmendments 7 i 7                                     |
| Small Scale Map Amendments                                                          | Publica tion                                                           | 10 days                                                                |                                                                        | 10 days                                                                |
|                                                                                     | ron                                                                    | 10 days                                                                |                                                                        |                                                                        |
| PC 7 7                                                                              | Mail |                                                                 | 13days |                                                               | 13days                                                                 |                                                                        |
| Compliance Agreement with the State                                                 | Pu a                                                                   | 10 days                                                                | 10 days                                                                | 10 days                                                                |
| Comprehensive Plan Map, other than Small Scale _                                    | Publica tion4                                                          | 10 days                                                                | 7 days - >                                                             | days _                                                                 |
| Comprehensive Plan Text Amendments, affecting specific properties                   | Mail                                                                   | 13 days                                                                | 13 days                                                                |                                                                        |
| Conditional Use                                                                     | Pu .                                                                   | 10 days                                                                |                                                                        | 10 days                                                                |
|                                                                                     | ron                                                                    | 10 days                                                                |                                                                        |                                                                        |
| So 7 :                                                                              | Mail |                                                                 | 13 days                                                                | 13 days                                                                |                                                                        |
| Coral Gables Mediterranean Architectural | Design Special Location Site Plan Review | Publica tion |                                                         | 10 days y                                                              |                                                                        | 10 days y                                                              |
|                                                                                     | ron                                                                    | 10 days                                                                |                                                                        |                                                                        |
|                                                                                     | Mail |                                                                 | 13 days                                                                | 13 days                                                                |                                                                        |
| Development Agreement 7                                                             | Development Agreement 7                                                | Development Agreement 7                                                | Development Agreement 7                                                | Development Agreement 7                                                |
| General 7                                                                           | Pub lica tion                                                          | 7 days                                                                 | 7 days                                                                 | 7 days                                                                 |
|                                                                                     | ron                                                                    | 10 days                                                                |                                                                        |                                                                        |
| Affected Property Owners                                                            | Mail |                                                                 | 13 days                                                                |                                                                        | 13 days                                                                |
| Historic Preservation: Designations and Certificate of Appropriateness              | Historic Preservation: Designations and Certificate of Appropriateness | Historic Preservation: Designations and Certificate of Appropriateness | Historic Preservation: Designations and Certificate of Appropriateness | Historic Preservation: Designations and Certificate of Appropriateness |
| Designation of Landmark or District                                                 | puplica                                                                | 10 days                                                                |                                                                        |                                                                        |
|                                                                                     | re                                                                     | 10 days                                                                |                                                                        |                                                                        |
|                                                                                     | Mail |                                                                 | 13 days                                                                | 7 :                                                                    |                                                                        |
| Certificate of Appropriateness ( Special)                                           | Pu a                                                                   | 10 days                                                                |                                                                        |                                                                        |

| Type of Application (                                   | Type of pe Notice (                          | Board Publ -. ic Hearing : if required) . .   | os . First Commission; Public Hearing | . ) ( if required) (   | Second Commissi on Public Hearing if required)   |
|---------------------------------------------------------|----------------------------------------------|-----------------------------------------------|----------------------------------------------------------------|--------------------------------------------------|
|                                                         | ross                                         | 10 days                                       |                                                                |                                                  |
| Certificate of Appropriateness ( Special) with Variance | Publica tion                                 | 10 days                                       |                                                                |                                                  |
|                                                         | ross                                         | 10 days                                       |                                                                |                                                  |
|                                                         | Mail |                                       | 13 days                                       |                                                                |                                                  |
| Historical Significance Determination . Letter          | Online                                       |                                               |                                                                |                                                  |
| Moratorium and Zoning in Progress                       |                                              |                                               |                                                                |                                                  |
| Moratorium                                              | Pula                                         | 10 days                                       | 7 days                                                         | 5 days                                           |
|                                                         | Mail |                                       | 13 days                                       | 13 days                                                        |                                                  |
| Zoning in Progress                                      | na _                                         | 10 days                                       | 7 days                                                         | 5 days                                           |
| Planned Area Development Designation                    | ee a                                         | 10 days                                       |                                                                | 10 days                                          |
|                                                         | ron                                          | 10 days                                       |                                                                |                                                  |
|                                                         | Mail |                                       | 13 days                                       | 13 days                                                        |                                                  |
| Separation/ Establishment of a Building Site            | Separation/ Establishment of a Building Site | Separation/ Establishment of a Building Site  | Separation/ Establishment of a Building Site                   | Separation/ Establishment of a Building Site     |
| Administrative Building Site Determination              | Post DRO determ ination                      |                                               |                                                                |                                                  |
| Conditional Use                                         | Pu a                                         | 10 days                                       |                                                                | 10 days                                          |
|                                                         | ross                                         | 10 days                                       |                                                                |                                                  |
|                                                         | Mail |                                       | 13 days                                       | 13 days                                                        |                                                  |
| Site Plan ( MXD, PAD, other)                            | Puplica                                      | 10 days                                       |                                                                | 10 days                                          |
|                                                         | Posen                                        | 10 days                                       |                                                                |                                                  |
|                                                         | Mail |                                       | 13 days                                       | 13 days                                                        |                                                  |

a \_

op

| Type of Application                                                           | Type of No « dae otice (   | ere 3 | if required) _,.   | First Commission| Public Hearing | . . . ) ( if required) (   | Second Commissi on Public Hearing if required)   |
|-------------------------------------------------------------------------------|----------------------------|----------------------------|---------------------------------------------------------------|--------------------------------------------------|
| Subdivision Review for a Tentative Plat and | Variances                       | Publica . tion             | . 10 days                  | oe _                                                          |                                                  |
|                                                                               | roan                       | 10 days                    |                                                               |                                                  |
|                                                                               | Mail |                     | 13 days                    | 4                                                             | 7                                                |
| Subdivision Review for a Final Plat and Vari | ances ( Resolution) 4__        | Publica . tion             | .                          | 10 days 7                                                     |                                                  |
|                                                                               | Mail                       |                            | 13 days |                                                     |                                                  |
| Transfer of Development Rights __                                             | ae                         |                            | ee                                                            | a oe                                             |
| Sending Site Plan Application                                                 | Punic                      | 10 days                    |                                                               |                                                  |
|                                                                               | ron                        | 10 days                    |                                                               |                                                  |
| Pe a -                                                                        | Mail |                     | 13 days                    | 7 _ 4f                                                        | |                                                |
| Receiving Site Plan Application                                               | Pula                       | 10 days                    |                                                               | 10 days                                          |
|                                                                               | rose                       | 10 days                    |                                                               |                                                  |
|                                                                               | Mail |                     | 13 days                    | 13 days                                                       | of                                               |
| University Campus District Modification to | the Adopted Campus Master Plan   | Publica tion               | 10 days                    | 7 _                                                           | 10 days |                                        |
|                                                                               | roe                        | 10 days                    |                                                               |                                                  |
| a                                                                             | Mail |                     | 13 days                    | 13 days=                                                      |                                                  |
| Variances                                                                     | Pub lica tion              | 10 days                    |                                                               |                                                  |
|                                                                               | rosa                       | 10 days                    |                                                               |                                                  |
|                                                                               | Mail |                     | 13 days                    |                                                               |                                                  |
| Zoning Code Text Amendment                                                    | ne _                       | 10 days                    |                                                               | 10 days                                          |
| if affecting a limited number of property owners within an area)              | Mail |                     | 13 days                    |                                                               | 13 days                                          |
| Zoning Code Text Amendment ( Use Change | s) - Amendment to text that changes | Publica tion               | 10 days                    | 7 days                                                        | 9 days                                           |

| Type of Application                                                                  | Type of No tice     | Boog uP lif re iired   | rst Commission| Public Hearing | if required) (   | Second Commissi | on Public Hearing if required) |   |
|--------------------------------------------------------------------------------------|---------------------|------------------------|---------------------------------------------------|------------------------------------------------------|
| actual list of permitted, conditional, or | prohibited uses within a zoning category |                     |                        |                                                   |                                                      |
| Zoning District Map Amendment : |                                                    |                     |                        |                                                   |                                                      |
| Initiated by other than the City                                                     | Publica! ] Puplica| | | 10 days |            |                                                   | 10 days                                              |
|                                                                                      | ron                 | 10 days |              |                                                   |                                                      |
|                                                                                      | Mail |              | 13 days                | 13 days |                                         |                                                      |
|                                                                                      | Publica) tion       | 10 days | Y            |                                                   | 10 days - 4 vs                                       |
|                                                                                      | Posen |             | 10 days |              |                                                   |                                                      |
|                                                                                      | Mail                | 13 days |              | 13 days |                                         |                                                      |
| r 10 contiguous acres; City initiated                                                | ee \                | 10 days                | 7 days                                            | 5 days |                                             |
|                                                                                      | Mail |              | 43days |               | 13days |                                          |                                                      |

Applications which are not listed do not have public hearing notice requirements.

- 2 The City may announce time and dates of future proceedings in notices or at noticed meetings.
- 3 See City Code for additional advertising requirements per the City Code proceedings.
- 4 Where the table differs from the substantive provisions within the zoning code the substantive provisions shall prevail.
- 5 All mailed notice in this table include an additional 3 days to allow for mailing, only 10 days are required if notice is hand delivered.

Publication. The requirements for public notice provided by publication shall be as follows:

Notice shall be published atJeast one- time in-2- newspaper- of general circulation published in the- City-of Coral Gables, Florida\_or in Miami- Dade County, Florida, at least ten ( 10) days prior to the date of final required public hearing, except as provided herein.\_&lt;Publication= or publish= means to publish a legal notice in accordance with Florida Statutes, Chapter 50. Publication may be achieved by one of the following: publication in a newspaper , on a publicly accessible website as detailed in Chapter 50, Florida Statutes, or in any other manner so authorized by Florida Statutes, Miami- Dade County, or any other relevant authority.

The notice shall state the date, time, and place of the meeting; the title or titles of the proposed ordinances or a description of the substance of the matter being considered; and the place within the City where the proposed ordinances or other materials may be inspected by the public. The notice shall also advise that interested parties may appear at the meeting and be heard with respect to the matter.

A copy of the notice shall be available for public inspection at the City Hall during the regular business hours.

Comprehensive Plan, Zoning Code text amendments and Zoning District map amendments &gt; 10 acres. Notice for ordinances that change the actual list of permitted, conditional, or prohibited uses within a zoning category/ use district, or ordinances initiated by the City that change the actual zoning map designation of a parcel or parcels of land involving ten ( 10) contiguous acres or more, shall be published at least ten ( 10) days prior to the Planning and Zoning Board public hearing, again at least seven ( 7) days prior to the first City Commission public hearing and again at least five ( 5) days prior to the second City Commission adoption hearing. Public notice shall be provided as described in the following subsections.

Fhe paid

The advertisement shall be in substantially the following form:

Notice of ( insert type of) Change

The City of Coral Gables proposes to adopt the following ordinance: ( title of ordinance)...

A public hearing on the ordinance will be held ... ( date and time)... at ... ( meeting place)...=

Except for amendments which change the actual list of permitted, conditional, or prohibited uses within a zoning category, the advertisement shall also contain a geographic location map which clearly indicates the area covered by the proposed ordinance. The map shall include major street names as a means of identification of the general area.

In lieu of publishing the advertisement set out in this section, the City may mail a notice to each person owning real property within the area covered by the ordinance. Such notice shall clearly explain the proposed ordinance and shall notify the persons of the time, place, and location of any public hearing on the proposed ordinance.

Zoning District map amendment. Ordinances initiated by any person other than the City that change the actual zoning map designation of a parcel of land or parcels of land shall be read by title, in full, at two ( 2) separate City Commission hearings, and shall be published at least ten 10) days before the Planning and Zoning Board public hearing, and again at least ten ( 10) days before the City Commission adoption hearing.

Comprehensive Plan small-scale map amendments. Notice of small scale development amendments to the Comprehensive Plan, initiated by other than the City, shall be published at least ten ( 10) days before the Planning and Zoning Board public hearing, and again at least five 5) days before the City Commission adoption hearing.

Comprehensive Plan text and map amendments, other than small-scale. All Comprehensive Plan amendments, other than small-scale amendments, shall be published at least ten ( 10) days before the Planning and Zoning Board public hearing, and again at least seven ( 7) days before the first City Commission public hearing, and again at least five ( 5) days before the City Commission adoption hearing.

Development agreements. Notice of a proposed Development Agreement shall be published at least seven ( 7) days prior to each public hearing.

Failure to provide advertised notice as set forth in the foregoing notice requirements shall not affect any action or proceedings taken under this section, unless such notice is required by Florida Statutes.

SEE

OH

OAS

AS

AS

A

IG

HG

AS

2G

ROAR

AR

fg

A

sO

OE

2S

OS

Ag

AS

AR

Ag

AS

fe

i

2S

OS

Of

AS

fs is

iss

2

fs

OS

2g

AS

2s

i

A

OS

AS

is gOS

OR

A

oS

oe

OO

OO

oR

## CITY OF CORAL GABLES, FLORIDA

## ORDINANCE NO. 2024- 03

AN ORDINANCE OF THE CITY COMMISSION AMENDING SECTION 1-104 &lt; JURISDICTION AND APPLICABILITY=; SECTION 8-109 &lt; MOVING OF EXISTING IMPROVEMENTS=; SECTION 8-106 &lt; CERTIFICATES OF APPROPRIATENESS=; SECTION 14-209. 4; SECTION 14- 215. 3. &lt; NOTICE AND HEARING PROCEDURES=; SECTION 15- 102 &lt; NOTICE= OF THE CITY9S ZONING CODE IN ORDER TO PROVIDE A DEFINITION OF PUBLICATION AND REMOVE THE REQUIREMENT FOR NEWSPAPER 4 PUBLICATION, PROVIDING FOR A REPEALER PROVISION, SEVERABILITY CLAUSE, CODIFICATION, AND AN EFFECTIVE DATE.

WHEREAS, in 2022 the State Legislature adopted HB 7049Legal Notices, amending the legal notice requirements in Chapter 50, Florida Statues; and

WHEREAS beginning January 1, 2023 Cities are now permitted to publish all required legal notices and advertisements on a publicly accessible website as specified in Florida Statue 50. 0311 ; and

WHEREAS, the City has traditionally advertised and published required notices in newspapers of general circulation however, there have been recent cost increases and fewer options available for publication in newspapers; and

WHEREAS, as the number of newspaper subscribers continues to shrink and the City turns to more responsive and lower cost online notices, including e- news, social media, and the City9s revised website, the City wishes to take advantage of the option to publish legal notices on a publicly accessible website and amend the Zoning Code accordingly, and

WHEREAS, Miami- Dade County will establish a County-wide website for legal notices, as required in Florida Statutes, and the City will be able to utilize that website for legal notices; and

WHEREAS, the City will proceed to publish annual notices in a newspaper of general circulation pointing residents to the City9s online notices as required in Florida Statutes; and

WHEREAS, the City estimates that the move to online notifications will result in over fifty percent savings in annual publication costs; and

WHEREAS, in conjunction with this move to online legal advertising the City will conduct an education campaign so that City residents and interested parties are aware of the shift to online publication; and

WHEREAS, during the adoption on first reading of this Ordinance the City Commission determined that this item need not go to the City Planning and Zoning Board prior to second reading;

## NOW, THEREFORE, BE IT ORDAINED BY THE COMMISSION OF THE CITY OF CORAL GABLES, FLORIDA:

SECTION 1. That the foregoing &lt; WHEREAS= clauses are hereby ratified and confirmed as being true and correct and are hereby made a specific part of this Ordinance upon adoption hereof

SECTION 2. That the City of Coral Gables Zoning Code be amended as indicated in the attached Exhibit A!:

SECTION 3. All Ordinances or parts of Ordinances inconsistent or in conflict with the provisions of this Ordinance are hereby repealed.

SECTION 4. If any section, part of section, paragraph, clause, phrase or word of this Ordinance is declared invalid, the remaining provisions of this Ordinance shall not be affected.

SECTION 5. It is the intention of the Commission of the City of Coral Gables, Florida, that the provisions of this Ordinance shall become and be made part of the City of Coral Gables Zoning Code and that the sections of this &lt; Ordinance= may be changed to &lt; section=, &lt; article=, or such other appropriate word or phrase in order to accomplish such intentions.

SECTION 6. If the City of Coral Gables Zoning Code Table of Contents or other reference portions is affected by these provisions, then changes are approved as a part of this Ordinance.

SECTION 7. This Ordinance shall become effective upon its passage and adoption herein.

PASSED AND ADOPTED THIS NINTH DAY OF JANUARY, A. D., 2024. Moved: Fernandez / Seconded: Anderson) Yeas: Castro, Fernandez, Menendez, Anderson, Lago) Unanimous: 5- 0 Vote)

Agenda Item:

E- 3)

1! Deletions are indicated by strikethrough. Insertions are indicated by underline.

ATTEST:

<!-- image -->

APPROVED:

<!-- image -->

APPROVED AS TO FORM AND LEGAL SUFFICIENCY:

DocuSigned by: SAS9SEDE4D304E8... , CRISTINA M. SUAREZ Cudva

CITY ATTORNEY",Ordinance 2024-03,ordinance,,ordinance_2024-03.md
ordinance_2024-02,"---
DOCUMENT METADATA AND CONTEXT
=============================

**DOCUMENT IDENTIFICATION:**
- Document Type: ORDINANCE
- Title: AN ORDINANCE OF THE CITY COMMISSION AMENDING SECTION 1-2 ' DEFINITIONS AND RULES OF CONSTRUCTION'; SECTION 2-464 ' SAME- AUTHORITY TO FIX SCHEDULE OF CHARGES; METHOD OF DETERMINATION'; SECTION 2-1091 ' CITY-OWNED PROPERTY SALE OR LEASE GENERALLY;  ADVERTISED PUBLIC BIDDING PROCESS; SECTION 18-2 ' CANVAS OF RETURNS;  DUTY OF COMMISSION;  DECLARATION OF RESULTS'; SECTION 34-60 ' STATEMENT OF COSTS; FILING;  PUBLICATION OF WORK;  COST AND LIEN'; SECTION 34-239 ' FORFEITURE PROCEEDINGS'; SECTION 58-53 ' STATEMENT OF COSTS; PUBLICATION';  SECTION 58-119 ' NOTICE BY PUBLICATION'; SECTION 62-329 PROCEDURES RELATING TO APPLICATIONS';   SECTION 62-331 ' ADOPTION OF ORDINANCE'; SECTION 78-281 REQUIREMENT FOR UNDERGROUND UTILITIES'; SECTION 101- 109 ' NOTICES'; SECTION 109-41 ' PERMIT APPLICATION PROCEDURES-  CLASS 1 PERMITS';  AND SECTION 109- 42 ' SAME-  CLASS 2 PERMITS' OF THE CITY CODE IN ORDER TO PROVIDE A DEFINITION OF PUBLICATION AND REMOVE THE REQUIREMENT FOR NEWSPAPER PUBLICATION, PROVIDING FOR A REPEALER PROVISION, SEVERABILITY CLAUSE, CODIFICATION, AND AN EFFECTIVE DATE.
- Source File: 2024-02 - 01_09_2024.pdf

**AGENDA LINKAGE:**
- Linked Agenda Item: E-2

**DOCUMENT DETAILS:**
- Document Number: 2024-02
- Meeting Date: N/A
- Adoption Date: N/A

**SEARCHABLE IDENTIFIERS:**
- DOCUMENT_TYPE: ORDINANCE
- AGENDA_ITEM: E-2

---



# DOCUMENT CONTENT

## CITY OF CORAL GABLES, FLORIDA

## ORDINANCE NO. 2024-02

AN ORDINANCE OF THE CITY COMMISSION AMENDING SECTION 1-2 ' DEFINITIONS AND RULES OF CONSTRUCTION'; SECTION 2-464 ' SAME- AUTHORITY TO FIX SCHEDULE OF CHARGES; METHOD OF DETERMINATION'; SECTION 2-1091 ' CITY-OWNED PROPERTY SALE OR LEASE GENERALLY;  ADVERTISED PUBLIC BIDDING PROCESS; SECTION 18-2 ' CANVAS OF RETURNS;  DUTY OF COMMISSION;  DECLARATION OF RESULTS'; SECTION 34-60 ' STATEMENT OF COSTS; FILING;  PUBLICATION OF WORK;  COST AND LIEN'; SECTION 34-239 ' FORFEITURE PROCEEDINGS'; SECTION 58-53 ' STATEMENT OF COSTS; PUBLICATION';  SECTION 58-119 ' NOTICE BY PUBLICATION'; SECTION 62-329 PROCEDURES RELATING TO APPLICATIONS';   SECTION 62-331 ' ADOPTION OF ORDINANCE'; SECTION 78-281 REQUIREMENT FOR UNDERGROUND UTILITIES'; SECTION 101- 109 ' NOTICES'; SECTION 109-41 ' PERMIT APPLICATION PROCEDURES-  CLASS 1 PERMITS';  AND SECTION 109- 42 ' SAME-  CLASS 2 PERMITS' OF THE CITY CODE IN ORDER TO PROVIDE A DEFINITION OF PUBLICATION AND REMOVE THE REQUIREMENT FOR NEWSPAPER PUBLICATION, PROVIDING FOR A REPEALER PROVISION, SEVERABILITY CLAUSE, CODIFICATION, AND AN EFFECTIVE DATE.

WHEREAS,  in 2022 the State Legislature adopted HB 7049-  Legal Notices,  amending the legal notice requirements in Chapter 50, Florida Statues; and

WHEREAS beginning January 1, 2023 Cities are now permitted to publish all required legal notices and advertisements on a publicly accessible website as specified in Florida Statue 50.0311; and

WHEREAS, the City has traditionally advertised and published required notices in newspapers of general circulation however, there have been recent cost increases and fewer options available for publication in newspapers; and

WHEREAS,  as the number of newspaper subscribers continues to shrink and the City turns to more responsive and lower cost online notices,  including e-news,  social media,  and the City' s revised website,  the City wishes to take advantage of the option to publish legal notices on a publicly accessible website and amend the City Code accordingly; and

Page 1 of 3 - Ordinance No. 2024-02

WHEREAS, Miami-Dade County will establish a County-wide website for legal notices, as required in Florida Statutes,  and the City will be able to utilize that website for legal notices; and

WHEREAS,  the City will proceed to publish annual notices in a newspaper of general circulation pointing residents to the City's online notices as required in Florida Statutes; and

WHEREAS,  the City estimates that the move to online notifications will result in over fifty percent savings in annual publication costs; and

WHEREAS,  in conjunction with this move to online legal advertising the City will conduct an education campaign so that City residents and interested parties are aware of the shift to online publication;

## NOW, THEREFORE,  BE IT ORDAINED BY THE COMMISSION OF THE CITY OFCORAL GABLES, FLORIDA:

SECTION 1. That the foregoing ' WHEREAS' clauses are hereby ratified and confirmed as being true and correct and are hereby made a specific part of this Ordinance upon adoption hereof

SECTION 2. That the City of Coral Gables City Code be amended as indicated in the attached Exhibit A1:

SECTION 3.   All Ordinances or parts of Ordinances inconsistent or in conflict with the provisions of this Ordinance are hereby repealed.

SECTION 4.    If any section, part of section, paragraph, clause, phrase or word of this Ordinance is declared invalid,  the remaining provisions of this Ordinance shall not be affected.

SECTION 5.  It is the intention of the Commission of the City of Coral Gables, Florida, that the provisions of this Ordinance shall become and be made part of the City of Coral Gables City Code and that the sections of this ' Ordinance'  may be changed to ' section', ' article',  or such other appropriate word or phrase in order to accomplish such intentions.

SECTION 6.  If the City of Coral Gables City Code Table of Contents or other reference portions is affected by these provisions, then changes are approved as a part of this Ordinance.

SECTION 7.  This Ordinance shall become effective upon its passage and adoption herein.

1 1 Deletions are indicated by strikethrough. Insertions are indicated by underline.

## PASSED AND ADOPTED THIS NINTH DAY OF JANUARY, A.D., 2024.

Moved: Anderson / Seconded: Fernandez)

Yeas:  Anderson,  Castro,  Fernandez,  Menendez,  Lago)

Unanimous:  5-0 Vote)

Agenda Item:  E-2)

APPROVED:

<!-- image -->

VINCE LAGO MAYOR

## APPROVED AS TO FORM AND LEGAL SUFFICIENCY:

<!-- image -->

CRISTINA M. SU`REZ CITY ATTORNEY

DocuSigned by:

9A595ED64D304E8.

## ATTEST:

<!-- image -->

BILLY Y. URQUIA CITY CLERK

## EXHIBITA

## Sec. 1-2. Definitions and rules of construction.

The following definitions and rules of construction shall apply to this Code and to all ordinances, unless the context requires otherwise:

Generally.

- 1) When provisions conflict,  the specific shall prevail over the general and the more stringent provision shall always prevail.
- 2) All provisions shall be liberally construed so that the intent of the city commission can be effectuated.
- 3) Words and phrases shall be construed according to the common and approved usage of the language, but technical words, technical phrases and words and phrases that have acquired peculiar and appropriate meanings in law shall be construed according to such meanings.
- 4) Grammatical errors shall not vitiate, and a transposition of words and clauses may be resorted to when the sentence or clause is without meaning as it stands.
- 5) Scrivener's errors shall be ignored and may be corrected by city attorney pursuant to city attorney section of the Code.

Publication. The term ' publication' or ' publish' means to publish a legal notice in accordance with Floria Statutes, Chapter 50. Publication may be achieved by one of the following: publication in a newspaper, on a publicly accessible website as detailed in Chapter 50 Florida Statutes, or in any other manner so authorized by Florida Statutes, Miami-Dade County, or any other relevant authority.

******************************************************************

## Sec. 2-464. - Same-Authority to fix schedule of charges; method of determination.

a)The commission shall, in the ordinance or resolution providing for the issuance of sewer revenue bonds,  fix the initial schedule of rates,  fees and other charges for the use of, and for the services and facilities furnished or to be furnished by, the sewage disposal system,  to be paid by the owner,  tenant or occupant of each lot or parcel of land which may be connected with or use any such sewage disposal system or systems by or through any part of the sewer system of the city. After the system shall have been in operation the commission may revise such schedule of rates, fees and charges from time to time.  Such rates, fees and charges shall be so fixed and revised as to provide funds,  with other funds available for such purposes, sufficient at all times to:( 1)Pay the cost of maintaining, repairing and operating the system or systems, including reserves for such purposes and for replacements and depreciation and necessary extensions, and, if the city shall enter into a contract with the City of Miami for the treatment and disposal of

sewage originating in the city,  to pay the cost of such treatment and disposal;(2)Pay the principal of and the interest on the revenue bonds as the same shall become due and reserves therefor; and( 3)Provide a margin of safety for making such payments.

b)The city shall charge and collect the rates,  fees and charges so fixed or revised,  or may contract with the City of Miami to collect such rates, fees and charges shall not be subject to supervision or regulation by any other commission, board, bureau or agency of the city or of the state or of any sanitary district or other political subdivision of the state.

c)Such rates,  fees and charges shall be just and equitable,  and may be based or computed either upon the quantity of water consumed or upon the number and size of sewer connections or upon the number and kind of plumbing fixtures in use in the premises connected with the sewer system or upon the number or average number of persons residing or working in or otherwise connected with such premises or upon any other factor affecting the use of the facilities furnished or upon any combination of the foregoing factors.

d)Charges for services to premises, including services to manufacturing and industrial plants, may be determined by gauging or metering or in any other manner approved by the commission.

e)In cases where the character of the sewage from any manufacturing or industrial plant, building or premises is such that it imposes an unreasonable burden upon any sewage disposal system, an additional charge may be made therefor, or the commission may,  if it deems it advisable, compel such manufacturing or industrial plant, building or premises to treat such sewage in such manner as shall be specified by the commission before discharging such sewage into any sewer lines owned or maintained by the city.

f)No rates,  fees or charges shall be fixed under the foregoing provisions of this section until after a public hearing at which all of the users of the sewage disposal system or systems and owners,  tenants or occupants of property served or to be served thereby and all others interested shall have an opportunity to be heard concerning the proposed rates,  fees and charges.  After the adoption by the commission of a resolution setting forth the preliminary schedule or schedules fixing and classifying such rates,  fees and charges,  notice of such public hearing,  setting forth the proposed schedule or schedules of rates,  fees and charges,  shall be given by one publication in a newspaper published in the city at least ten days before the date fixed in such notice for the hearing, which may be adjourned from time to time.  After such hearing, such preliminary schedule,  either as originally adopted or as modified or amended,  shall be adopted and put into effect,  and thereupon the ordinance or resolution providing for the issuance of sewer revenue bonds may be finally adopted.  A copy of the schedule of such rates,  fees and charges finally fixed in such ordinance or resolution shall be kept on file in the office of the city manager and shall be open to inspection by all parties interested. The rates, fees or charges so fixed for any class of users or property served shall be extended to cover any additional properties thereafter served which fall within the same class, without the necessity of any hearing or notice. Any change or revision of such rates, fees or charges may be made in the same manner as such rates, fees or charges were originally established as hereinbefore provided, but if such change or revision be made substantially pro rata as to all classes of service no hearing or notice shall be required.

## Sec.  2-1091. City-owned property sale or lease generally;  advertised public bidding process.

Notwithstanding any provision to the contrary contained in this Code,  and except as provided below,  the city commission is prohibited from favorably considering any sale or lease of cityowned property unless ( i) there shall have been, prior to the date of the city commission' s consideration of such sale or lease,  an advertisement soliciting proposals for said sale or lease published in a daily newspaper of general paid circulation in the city,  allowing not less than 60 days for the city's receipt of proposals from prospective purchasers or lessees,  said advertisement to be no less than one- fourth page and the headline in the advertisement to be in a type no smaller than 18-point and, ( ii) except as provided, there shall have been at least three written proposals received from prospective purchasers or lessees; except,  if there are less than three such proposals received, the guaranteed return under the proposal whose acceptance is being considered is at least equal to market value,  and the city commission determines that the contemplated sale or lease at that time will be in the city's best interest.

## Sec.  18-2. - Canvass of returns;  duty of commission; declaration of results.

a)The city commission shall be the judge of the election and qualification of its own members. As soon after an election as may be, the commission shall canvass the returns and declare the results prior to 12:00 noon of the third day following such general election.  The candidate receiving a majority of the votes in each group shall be considered elected. In any election for Groups One through Five, if a majority of the vote is not received by any one candidate of a group, a run-off between the two candidates receiving the most votes in the respective group shall be held two weeks after the general election, on a Tuesday.  The candidate receiving the most votes in the run- off shall be considered elected.  The mayor and commissioners shall take office at noon on the third Friday after the general election.  No run- off election shall be required when a candidate receives a majority of the vote or if a candidate is unopposed in the run- off election.

b)Any person seeking to run for the office of mayor or as a city commissioner who is unable to pay the qualification fee without imposing an undue burden on personal appearances or on resources otherwise available to him or her, shall,  upon written notification of such inability given under oath to the city clerk, be exempt from paying the qualifying fee.

c)The canvassing of absentee ballots shall be conducted by a canvassing board composed of three members,  which shall include two members of the city commission who are not candidates with opposition in the election being canvassed,  and the city clerk or his or her designee from the city clerk's office.

d)If sufficient members of the city commission are not eligible to serve on the canvassing board, the city commission shall appoint as a substitute member a qualified elector of the city who is not a candidate with opposition in the election being canvassed,  and who is not an active

participant in the campaign or candidacy of any candidate with opposition in the election being canvassed. City commission may appoint alternate members to the canvassing board by resolution and may delegate to an appropriate official,  the appointment of a replacement in the event of an emergency where there is insufficient time for the city commission to appoint a replacement.

- e)The canvassing board shall meet at a time and place to be designated by the city clerk after 7:00 a.m. the day of the election to publicly canvass the absentee electors' ballots.
- f)A chairperson shall be selected by the canvassing board.
- g)Criteria for the selection of the valid absentee ballots shall be decided upon based on the recommendations made by the city attorney and a representative of the county supervisor of elections, who shall be required to be present to act in an advisory capacity to the canvassing board.

h)Following a determination by the canvassing board regarding which ballots are invalid,  by marking the invalid envelopes, "" REJECTED AS ILLEGAL,""  the remaining valid ballots will then be opened and separated from their secrecy envelopes and will be ready to be counted.  The number of valid and invalid ballots shall be entered on a certificate to be signed by the canvassing board.

- i) The counting of the absentee votes cast shall be done after 7:00 p.m. on the day of the election at the time and place that the returns of the clerks and inspectors for the various precincts are counted.

j)The canvassing board shall certify the results of the election immediately following the counting of all of the ballots the night of the election.  If a recount is required,  certification shall be made within the two days following the election.( k)Public notice of the time and place at which the canvassing board will meet to canvass the absentee ballots shall be given at least 48 hours prior thereto by publication in a newspaper of general circulation in the city.(l)The city commission will adopt a resolution accepting the results certified by the canvassing board at the first regular commission meeting following the run- off election.

## Sec.  34-60. -  Statement of costs;  filing;  publication of work;  cost and lien.

As soon as practicable after completion of the work, if such work is done by the city, the city manager shall execute, or cause to be executed, and file with the city clerk, a statement of costs and completion of work,  which shall certify the completion thereof.  The city clerk shall thereafter cause to be published in a newspaper of general circulation in the county or city, a notice giving the description of the property, the amount of the cost of the work, the date of completion of the work and the fact that the cost thereof is a lien against the property.

## Sec. 34-239. - Forfeiture proceedings.

a)Forfeiture actions under this section shall be heard before a circuit court judge of the civil division. The Florida Rules of Civil Procedure shall govern forfeiture proceedings under this article.

- b)Any trial on the ultimate issue of forfeiture shall be decided by a jury, unless such right is waived by the claimant through a written waiver or on the record before the court conducting the forfeiture proceeding.
- c)The complaint shall be styled, "" In RE:  FORFEITURE OF"" ( followed by the name or description of the property). The complaint shall contain a brief jurisdictional statement, a description of the subject matter of the proceeding,  and a statement of the facts sufficient to state a cause of action that would support a final judgment of forfeiture. The complaint must be accompanied by a verified supporting affidavit.
- d)The court shall require any claimant who desires to contest the forfeiture to file and serve upon the attorney representing the city any responsive pleadings and affirmative defenses within 20 days after receipt of the complaint and probable cause finding
- e)If the property is required by law to be titled or registered, or if the owner of the property is known in fact to the city,  or if the seized property is subject to a perfected security interest in accordance with the Uniform Commercial Code,  F.S. ch. 679,  the attorney for the city shall serve the forfeiture complaint as an original service of process under the Florida Rules of Civil Procedure and other applicable law to each person having an ownership or security interest in the property.  The city shall also publish, in accordance with F.S.  ch.  50,  notice of the forfeiture complaint once each week for two consecutive weeks in a newspaper of general circulation, as defined in F.S. §  165.031,  in the county where the seizure occurred.
- f)The complaint must, as appropriate, describe the property; state the county, place, and date of seizure; state the name of the city; and state the name of the court in which the complaint will be filed.
- g)The city shall be obligated to make a diligent search and inquiry as to the owner of the subject property,  and if, after such diligent search and inquiry,  the city is unable to ascertain any person entitled to notice,  the actual notice requirements by mail shall not be applicable.
- h)When the claimant and the city agree to settle the forfeiture action prior to the conclusion of the forfeiture proceeding,  the settlement agreement shall be reviewed,  unless such review is waived by the claimant in writing, by the court or a mediator or arbitrator agreed upon by the claimant and the city. If the claimant is unrepresented, the settlement agreement must include a provision that the claimant has freely and voluntarily agreed to enter into the settlement without benefit of counsel.
- i)Upon clear and convincing evidence that the subject property is forfeitable property as defined in this article,  the court shall order the seized property forfeited to the city. The final order of

forfeiture by the court shall perfect in the City of Coral Gables right, title, and interest in and to such property,  subject only to the rights and interests of bona fide lienholders, and shall relate back to the date of seizure.

j) If the claimant prevails at the conclusion of the forfeiture proceeding, and if the city decides not to appeal,  the seized property shall be released immediately to the person entitled to possession of the property as determined by the court.

k)The city shall periodically review seizures of assets made by the city, in addition to settlements and forfeiture proceedings initiated by the city, to determine whether such seizures, settlements, and forfeitures comply with this article and the guidelines adopted under this subsection.  The determination of whether the city will file a civil forfeiture action may be made in accordance with either section 2-252(e)( 3) or 34-205( b).

## Sec. 58-53. - Statement of costs; publication.

As soon as practicable after completion of work performed under this article, if done by the city, the city manager shall file or cause to be filed with the city clerk a statement of costs and completion of the work,  which shall certify the completion of work by the city,  the date of completion and the costs thereof. The city clerk shall thereafter cause to be published in a newspaper of general circulation in the county or the city,  a notice giving a description of the property,  the cost of the work,  the date of its completion and a statement that the costs thereof are a lien against the property.  Such publication may include one or more parcels and one or more sidewalks abutting the same.

## Sec.  58-119. -  Notice by publication.

a)Upon completion of the initial assessment roll, the finance director shall publish,  or direct the publication of, once in a newspaper of general circulation within the city, a notice stating that at a meeting of the commission on a certain day and hour,  not earlier than 20 calendar days from such publication,  which meeting shall be a regular,  adjourned, or special meeting,  the commission will hear objections of all interested persons to the final assessment resolution which shall establish the rate of assessment and approve the aforementioned initial assessment roll.(b)The published notice shall conform to the requirements set forth in the Uniform Assessment Collection Act. Such notice shall include:(1)A geographic depiction of the property subject to the assessment;(2)A brief and general description of the local improvement and related services to be provided;(3)The rate of assessment, including a maximum assessment rate in the event one was adopted by the initial assessment resolution;(4)The procedure for objecting provided in section 58-121;(5)The method by which the assessment will be collected; and(6)A statement that the initial assessment roll is available for inspection at the office of the city clerk

and all interested persons may ascertain the amount to be assessed against a parcel of assessed property at the office of the city clerk.

## Sec.  62-329. -  Procedures relating to applications.

Upon receipt of the application and fee pursuant to this article, the public works department shall:

- 1)Review same for completeness and for compliance with the requirements of this article.  The public works department may reject the application if a similar application has been considered at any time within one year of the date the application is submitted.  Upon the application being properly submitted,  it shall be accepted for filing with the public works department, which shall give a receipt to the applicant for the fee paid.  Once the review procedures outlined above are complete, the public works department shall set a date for review by the development review committee.
- 2)Forward the application, together with all comments and recommendations received from city departments,  agency input,  and utility company input, to the development review committee which shall review the application pursuant to the criteria set forth in section 62-328, and provide a recommendation to the city manager,  who shall advise the city commission of any objections to the proposed vacation or abandonment, and to the planning and zoning board which shall consider the request as part of the site plan review and approval process, and whose recommendations shall be forwarded to the city commission.
- 3)Transmit the entire record to the city manager and planning and zoning board. The planning and zoning board, at the conclusion of a duly advertised public hearing, shall review the entire record, in accordance with the procedures set forth in the zoning code and in sections 62-328 and 62-330 and provide a recommendation to the city commission.
- 4)Provide courtesy notice by mail to the owners of real property bounding and abutting the right- of-way or easement or city property proposed to be abandoned and,  in addition,  if a street or alley is to be abandoned, all the owners within 1,000 feet in all directions from any point of the street or alley to be abandoned. The owner of property shall be deemed to be the person shown on the then- current tax assessment roll, and such notice shall be sent to the address given on such assessment roll for that purpose.  Notice shall be mailed at least two weeks prior to the date of the meeting before the development review committee and the planning and zoning board at which the application shall be considered. The notice provided shall also advise property owners that they may provide comments in writing and/ or verbally at the board meeting at which same is to be considered.
- 5)Forward the planning and zoning board's recommendations for public hearing at the appropriate city commission meeting.

6)Notify by certified mail the owners and occupants of real property, as identified above, of the public hearing to be held before the city commission.

7)Notify the general public by causing to be published a notice in a newspaper of general circulation in the city of the public hearing to be held by the city commission on the application.

## Sec.  62-331. -  Adoption of ordinance.

If the city commission adopts an ordinance granting the application,  notice thereof shall be published one time,  within 30 days following the date of adoption of said ordinance,  in a newspaper of general circulation published in the city. The proof of publication of the notice of hearing and a proof of publication of the notice of the adoption of the ordinance and a copy of the ordinance shall be recorded in the public records of the county. Upon adoption of an ordinance approving an application, a certified copy of same shall be filed in the public records of the county.  The costs of all notices required pursuant to the provisions of this section shall be borne by the applicant.

## Sec.  78-281. -  Requirement for underground utilities.

a)Purpose. The purpose of this [article] is to promote the conversion of existing overhead utility and communications service to underground and to require the installation of utility and communication service facilities underground, individually and collectively to promote general reliability of utility and communications service, public safety, foster tree and vegetation canopy preservation,  business and lifestyle continuity through continued utility and communication service after major weather events, and improve and protect the aesthetic character of the city b)Applicability. Except as expressly provided hereinafter, all utility lines,  including, but not limited to,  those required for electrical power distribution, and those such lines, cables, and conduits for telephone, and communication, street lighting,  and video service shall be installed underground.  This section shall apply to all cables,  conduits or wires forming part of an electrical distribution system including service lines to individual properties and main feeder and lateral distribution electric lines delivering power to local distribution systems, provided that it shall not apply to wires, conductors or associated apparatus and supporting structures whose exclusive function is in transmission of electrical energy between generating stations,  substations,  and transmission lines of other utility systems.  City installed utility lines and poles shall not be subject to the provisions of this article,  including,  but not limited to,  city-owned network infrastructure. Appurtenances to support underground utility lines,  cables,  conduits,  and other equipment such as transformers, pedestal and pad-mounted terminal boxes, and meter cabinets, may be located above ground in appropriate utility easements and in conformance with the requirements of the public works department.  This section 78-281 shall be applicable to the following uses:( 1)Except for rehabilitation of structures of less than 50 percent of value,  all new

construction and utility and communications installations shall be required to be underground.( 2)When a structure undergoes a rehabilitation wherein the cost of the rehabilitation is 50 percent or more of the replacement value of the existing structure as determined by the Miami- Dade County Property Appraiser, utility and communications service facilities for that structure shall be converted from overhead to underground.

c)Conversion of overhead to underground facilities.  Whenever overhead utility lines or distribution facilities have been converted to underground facilities,  the following shall be required:(1)The property owners in the area to be served by the new facilities shall be required to arrange for the conversion of their existing service facilities in accordance with these regulations and, where applicable, utility company specifications for underground service. For electric service facilities, such conversion shall include but shall not be limited to rearranging existing electric drop and service entrance facilities and necessary facilities within buildings and structures to accommodate the undergrounding of utilities. The property owner shall be responsible for all costs associated with the modification of service facilities for the affected property to accommodate underground utility service to the extent not inconsistent with applicable law and if not otherwise paid by the utility company.( 2)When a pole owner engages in undergrounding its facilities and equipment that will result in a redundant pole,  the pole owner shall be required to provide notice to attaching entities and to the city. Attaching entities shall be required to underground their facilities and equipment or remove all attachments from a redundant pole in coordination with the pole owner.  The city may,  at its discretion but without obligation of any kind,  provide a courtesy notice to the attaching entity of the planned or intended overhead to underground conversion project being performed or affecting any area of the city rendering the pole unused for electrical distribution purposes. Failure by any attaching entity to remove pole attachments shall constitute a code enforcement violation under section 101-137 of this Code. Fines shall accrue on a per pole basis,  and shall continue to accrue, as applicable, for each day the violation continues past the date set for compliance. Failure by an attaching entity to comply with this section shall constitute grounds for the city to deny issuance of future permits pursuant to this Article until compliance is obtained.(3)Redundant poles serving any area or property must be removed by the pole owner within 90 days of the conversion of overhead facilities to underground serving said area or property. Failure to remove redundant poles shall constitute a code enforcement violation under this Code.  Civil penalties shall accrue on a per pole basis, and shall continue to accrue, as applicable, for each day the violation continues past the date set for compliance. Failure by a pole owner to comply with this section shall constitute grounds for the city to deny issuance of future permits pursuant to this article until compliance is obtained.( 4)In the event a pole owner or electric utility,  as defined in this section,  conveys,  sells,  or transfers a pole located in a private easement granted by the city or property belonging to the city to an attaching entity, to the extent not inconsistent with applicable law or ordinances or resolutions of the city, the attaching entity shall be responsible for payments to the city for continued use of the private easement or property.( 5)In the event a pole owner is engaging in a major hardening project as provided in F.S. §  366. 97, the procedures for redundant poles contained in F.S. §  366.97,  as it may be amended,  and orders of the Florida Public Service Commission shall apply and shall control in the event of a conflict with the procedures contained in this section. To the extent not inconsistent with applicable law, the pole owner shall provide

the city with copies of notices issued to attaching entities. The city may, in its discretion, issue orders consistent with such procedures contained in F.S. § 366.97,  and orders of the Florida Public Service Commission to address the removal of redundant poles.  Failure to comply with such city orders shall constitute a code enforcement violation under section 101- 137 of this Code.  Civil penalties may accrue on a per pole basis,  and shall continue to accrue,  as applicable, for each day the violation continues past the date set for compliance. In addition to other remedies provided in this section or available to the city pursuant to applicable law, failure by an attaching entity or pole owner to comply with this section shall constitute grounds for the city to deny issuance of permits pursuant to this article until compliance is obtained.(6)Notwithstanding any requirements set forth in this Code or the Coral Gables Zoning Code,  the installation of above ground appurtenances and facilities in connection with an undergrounding project may be subject solely to administrative review if all of the following criteria are satisfied

- a.The location of the proposed facilities are within appropriate utility easements;

b.The proposed facilities will not interfere with any utility, communications,  water or sewer service or with the reasonable ingress, egress or use of the property;

- c.No more than two facilities are installed on any particular property or parcel, provided that the city manager or designee is authorized to reject the placement of multiple facilities and to gran t reasonable exceptions to these limits.
- d)Notice of conversion requirement. The city shall notify each property owner when conversion from overhead to underground utility distribution service is complete.  The notice shall be served by registered mail, addressed to the owner or owners of the property described as they are known to the city manager or as their names and addresses are shown upon the records of the county tax assessor,  or other public records of the city or county,  and shall be deemed complete and sufficient when so addressed and deposited in the United States mail with proper postage prepaid. All necessary modifications and arrangements for use of underground facilities shall be completed within 90 days of receipt of such notification.
- e)Notice of property owner' s failure to convert facilities.( 1)If the city manager determines that a building has not completed conversion to underground utility service facilities, he or she shall notify the owner of that building in writing and demand that the owner cause the conversion to be made within 60 days of the date of service of the notice.  The notice shall be by registered mail and in the form set forth in subsection ( 2)  of this section. If such notice is returned by postal authorities, the city manager shall cause a copy of the notice to be served by a law enforcement officer upon the occupant of the land or upon any agent of the owner thereof.( 2)If personal service upon the occupant of the land or upon any agent of the owner thereof cannot be performed after reasonable search by a law enforcement officer, the notice shall be served by physical posting on the property, and by publication in a newspaper of general circulation at least twice, seven days between publications, and 30 days before the date the conversion is required. The notice shall be in substantially the following form:

NOTICE REQUIRING CONVERSION OF UTILITY SERVICE FACILITIES

Name of Owner \_\_\_\_\_\_\_

Address of Owner \_\_\_\_\_\_\_

Our records indicate that you are the owner( s)  of the following land in the City of Coral Gables, Florida: ( describe property).

An inspection of this land discloses, and I have found and determined,  that a building is located thereon which has not converted its ( state type of utility)  service facilities from overhead to underground service.

You are hereby notified that unless this building converts its ( state type of utility)  service facility from overhead to underground service within thirty ( 30)  days of personal service upon you of this notice,  or of the second publication hereof,  the City will proceed to cause the conversion of these facilities and the cost of the work,  including advertising costs and all other expenses necessary to complete the conversion will be imposed as a lien on the land if not otherwise paid within ninety ( 90)  days after the conversion has been completed and the cost thereof ascertained by the City of Coral Gables.""

f)Conversion of facilities by city;  lien;  recording; redemption.( 1)If within 60 days after service of the notice as set forth in subsection ( e)  above,  or by physical posting of the notice on the property,  or within 30 days of notice by publication in a newspaper the required conversion of service of facility has not been affected,  the city manager shall cause the conversion to be made by the city at the expense of the property owner. The cost of the conversion shall constitute a lien upon the real estate served thereby.  Upon ordering a conversion of service facilities to be made by the city, the city manager shall cause to be recorded in the public records a notice of utility service conversion lien pending, which shall include a description of the property and a statement that a conversion has been ordered,  the cost of which shall under this section constitute a lien. The notice of pending lien shall, eight months after the date thereof, be null and void and constitute no record notice of a pending lien.(2)After causing the conversion of service facilities to be done, the city manager shall certify to the finance director the expenses as may have been approved by the appropriate city department incurred in effecting the conversion and shall include a copy of the notice set forth in subsection ( e)  above,  whereupon such expense shall become payable within 90 days, after which a special assessment lien and charge will be made upon the property, which shall be payable in ten equal annual installments together with costs of recordation of all documents required to be recorded hereby and with interest to be determined by the city finance director on the unpaid balance from the date of such certification until paid; however, the lien may be satisfied at any time by the payment of the entire sum due plus accrued interest,  recordation costs,  and such expenses and penalties as may result from the advertisement

and sale of certificates for delinquent liens as hereinafter set out. The finance director shall file for record a notice of such lien in the office of the clerk of the circuit court and shall keep complete records relating to the amount payable thereon.  One- tenth ( 0.1)  of the amount of liens accruing during any year ending on June 1 shall be billed and mailed in the fall of the same year to the owners of land subject to such liens at the same time as tax statements for ad valorem taxes are mailed;  and if the amount shall not be paid on or before April 1 of the following year, the entire lien and all annual installments thereof shall be delinquent, overdue and in default.(3)The entire amount of the lien may be foreclosed by the city, or in the alternative may be collected by any other legal means, including the advertisement and sale of certificates. Upon full payments of liens provided by this section or through foreclosure on tax sale certificates, the director of finance shall, by appropriate means, evidence the satisfaction and cancellation of such lien upon the public records. The cost of recordation of the notice of lien pending, the notice of lien, and the satisfaction of lien shall be secured by the lien hereby provided.(g)Underground facilities to remain underground. Wherever utility, communication, broadband, or video service facilities are located underground,  such facilities must remain underground unless they are removed, and may not thereafter be converted to overhead facilities.

## Sec. 101-109. - Notices.

a)All notices of violation and summonses for hearing shall be provided to the alleged violator by:(1)Certified mail to the address listed in the tax collector' s office for tax notices; to the address listed in the county property appraiser' s database;  or to any other address provided by the alleged violator in writing to the city for the purpose of receiving notices. The city may also provide an additional notice to any other address it may find for the property owner. For property owned by a corporation,  notices may be provided by certified mail to the registered agent of the corporation. It is the responsibility of the alleged violator to keep the address information current.( 2)Hand delivery by the code enforcement officer, the police, or any other person designated by the city manager;  or(3)Leaving the notice at the violator' s usual place of residence with any person residing therein who is above 15 years of age and informing such person of the contents of the notice;  or(4)In the case of commercial premises,  leaving the notice with the manager or other person in charge.

b)In addition to providing notice as set forth in subsection ( a),  notice may also be served by publication or posting,  as follows:( 1)a. Such notice shall be published once during each week for four consecutive weeks ( four publications being sufficient) in a newspaper of general circulation in Miami- Dade County.  The newspaper shall meet such requirements as are prescribed under F.S. ch. 50, for legal and official advertisements. b. Proof of publication shall be made as provided in F.S. §§ 50.041 and 50.051.( 2)a.  In lieu of publication as described in paragraph ( 1),  such notice may be posted at least ten days prior to the hearing or prior to the expiration of any deadli ne contained in the notice.  The notice shall be posted on the property where the violation is alleged to have occurred and at city hall.  b.  Proof of posting shall be by affidavit of the person posting the notice,  which affidavit shall include a copy of the notice posted and the date and places of its

posting.(3)Notice by publication or posting may run concurrently with, or may follow,  an attempt or attempts to provide notice by hand delivery or by mail as required under subsection ( a).

c)Evidence that an attempt has been made to hand deliver the notice or that the notice was sent by mail as provided in subsection (a), together with proof of publication or posting as provided in subsection (b), shall be sufficient to show that the notice requirements of this part have been met, without regard to whether or not the alleged violator actually received such notice.

## Sec. 109-41. - Permit application procedures-Class 1 permits.

a)Application for city approval.  The upland owner will first submit to the public works department an application on forms prepared by the city,  such forms being supplemented by:(1)Evidence of ownership of the upland and tidal or submerged lands to be filled and a title to the land from which the fill is to be taken or permission from the owner of the land to remove the fill.(2)A written statement by the owner as to the proposed use of the property to be filled.( 3)Four copies of a plan or sketch of the proposed work in sufficient detail to relate the proposed dredging and filling to mean high water,  mean low water,  and the official bulkhead line,  designation of soundings and elevations in the proposed borrow and fill areas,  and names and addresses from the latest city tax rolls of owners of all riparian property within 1,000 feet of the proposed work.(4)A written statement by the owner certifying that if approval of the application by the city commission is granted,  complete and detailed plans and specificat ions of the proposed work will be prepared by an engineer registered in the state,  in accordance with the minimum requirements of the public works department.(5)Certification from a registered engineer experienced in coastal construction that:  a.To the best of his or her knowledge the filling and dredging work does not violate any statute, zoning law, ordinance or other restriction which may be applicable to such area or construction work; and the engineer must submit a substantiating letter to this effect from the appropriate governmental authority as part of this certification. b.Harmful obstruction to, or alteration of, the natural flow of the navigable water within the area will not arise from the proposed work .c.Harmful or increased erosion, shoaling of channels or stagnant areas of water will not be created thereby. d.Material injury or monetary damage to adjoining land will not accrue therefrom.  e.  Dredging and filling shall not be conducted on weekends and holidays.  Dredging and filling shall be conducted only during regular business hours on weekdays except with the written consent of the city manager,  which may be amended or rescinded by him or her with notice to the applicant.( 6)The city commission, before approving the application, and in addition to the certified statements in subsection ( a)( 5) of this section,  shall require the applicant to submit a biological survey and an ecological study, the results of such study to become a part of the application.

b)Approval from the city commission.  The director of the public works department will investigate the proposed plan and make his or her recommendation to the city commission prior to the public hearing,  which shall be held by the city commission before the application is approved or disapproved. Prior to the public hearing at least 15 days' notice of the time and place of such hearing shall be published in a newspaper of general circulation in the city, which

publication shall also include a brief description of the proposed work to be done and the location thereof.  A courtesy notice containing substantially the same information set forth in the published notice may be mailed to those parties whose names appear upon the city's tax rolls as the owners of riparian property within 1,000 feet of the proposed work. After the public hearing, unless the city commission finds good cause for denying the application,  it will approve the same subject to the approval of the trustees of the internal improvement fund,  the U.S. Army Corps of Engineers and such other state and federal agencies concerned.

c)Permits from the trustees of the internal improvement fund, the U.S. Army Corps of Engineers and such other state and federal agencies concerned. Following approval by the city commission, the applicant must then obtain approval of the trustees of the internal improvement fund,  the U.S. Army Corps of Engineers and such other state and federal agencies concerned.

d)Permit to dredge or fill. A permit must be obtained from the public works department prior to beginning any work previously authorized by the city commission, the trustees of the internal improvement fund, the U.S. Army Corps of Engineers and such other state and federal agencies concerned. The proposed work must be completed prior to the stated expiration date, which must be less than three years from the date of issuance of the permit, although extension may be granted for good cause, subject to approval of the trustees of the internal improvement fund, the U.S. Army Corps of Engineers and such other state and federal agencies concerned, and subject further to receipt of written request for extension of time by the public works department prior to the original expiration date.  The permit may be issued to a contractor holding an applicable certificate of competency, provided:(1)Construction plans and specifications are submitted which have been prepared to comply with the requirements of the public works department.(2)The permit fee established by section 109-44 has been paid.(3)A performance bond is posted in an amount determined by the director of public works department to be essential to protect the interest of the public and of landowners in the vicinity of the work;  provided however,  that the minimum amount of such bond shall be $ 1,000.00 or 25 percent of the estimated cost of the work,  whichever is lesser,  and the maximum amount of such bond shall be 100 percent of the estimated cost of the work,  the bond being to guarantee compliance with the terms of the permit and to be in force for at least six months after the approved completion date of the work.( 4)Certification is provided by a registered engineer that he/she has been retained to provide engineering supervision throughout the construction period.

## Sec.  109- 42. -  Same- Class 2 permits.

a)Authority.  The city public works department is hereby authorized to require all persons to obtain a permit for the construction of bulkheads, seawalls, groins, breakwaters, wharves, docks, piers,  structures and shore activities such as beach nourishment in,  upon or contiguous to submerged or tidal lands within the municipal limits of the city.

b)Application for city approval. Approval of the city commission shall be obtained for all applications. The owner shall first submit to the public works department an application on forms prepared by the city and such application must be supplemented by:(1)Evidence of

ownership of the upland property abutting the proposed structure.(2)A written statement by the owner as to the proposed use of the structure to be built.( 3)A plan or sketch ( four copies)  of the proposed structure or work in sufficient detail to relate it to mean high water,  mean low water, the property lines of the upland owner,  the official bulkhead lines, soundings made in the surrounding water area,  and names and addresses from the latest city's tax rolls of owners of all riparian property within 1,000 feet of the proposed work.( 4)A written statement by the owner that if approval from the city commission is granted,  complete and detailed plans and specifications of the proposed work will be prepared by an engineer registered by the state in accordance with the minimum requirements of the city public works department.(5)Certification from a registered engineer experienced in coastal construction that: a. To the best of his or her knowledge the proposed work does not violate any statute,  zoning law, ordinance or other restriction that may be applicable to such area or construction work; and such engineer must submit a substantiating letter to this effect from the appropriate governmental authority as part of this certification. b. Harmful obstruction to or alteration of the natural flow of navigable water within the area will not arise from the proposed work. c. Harmful or increased erosion, shoaling of channels or stagnant areas of water will not be created thereby. d. Material injury or monetary damage to adjoining property will not accrue there from. e. The city commission before approving the application, and in addition to the certified statements in subsection ( b)(5)  of this section,  shall require the applicant to submit a biological survey and ecological study,  the results of such study to become a part of the application.

c)Approval from the city commission.  The director of the public works department will investigate the proposed plan and make his or her recommendation to the city commission prior to the public hearing,  which shall be held by the city commission before the application is approved or disapproved. Prior to the public hearing at least 15 days' notice of the time and place of such hearing shall be published in a newspaper of general circulation in the city, which publication shall also include a brief description of the proposed work to be done and the location thereof. A courtesy notice containing substantially the same information set forth in the published notice may be mailed to those parties whose names appear upon the city's tax rolls as the owners of riparian property within 1,000 feet of the proposed work. After the public hearing, unless the city commission finds good cause for denying the application, it will approve the same subject to the approval of the trustees of the internal improvement fund,  the U.S. Army Corps of Engineers and such other state and federal agencies concerned.

d)Permits from the trustees of the internal improvement fund,  the U.S. Army Corps of Engineers and such other state and federal agencies concerned.  Following approval by the city commission of the application,  the applicant must obtain permits from the trustees of the internal improvement fund, the U.S. Army Corps of Engineers and such other state and federal agencies concerned e)City construction permit.  A construction permit for the proposed structures or shore activity involved must be obtained from the city public works department prior to beginning any work previously authorized by the city commission or state agencies concerned. The proposed work must be completed prior to the stated expiration date,  which must be less than one year from the

date of issuance of the permit, although extension may be granted for good cause,  subject to approval of the trustees of the internal improvement fund,  the U.S. Army Corps of Engineers and such other state and federal agencies concerned, and subject further to receipt of written request for extension of time by the city public works department prior to the original expiration date. The construction permit may be issued to a certified contractor provided:( 1)Construction plans and specifications are submitted which have been prepared to comply with the city public works standards.(2)The permit fee established by section 109-44 for construction work has been paid.(3)A performance bond is posted in an amount determined by the director of public works department to be essential to protect the interests of the public and of landowners in the vicinity of the work; provided however, that the minimum amount of such bond shall be $1,000.00 or 25 percent of the estimated cost of the work, whichever is lesser, and the maximum amount of such bond shall be 100 percent of the estimated cost of the work,  the bond being to guarantee compliance with terms of the permit and to be in force for at least six months after the approved completion date of the work.(4)Certification is provided by a registered engineer that he/she has been retained to provide engineering supervision throughout the construction period.

f)Exceptions.  Those requirements of subsection ( c) of this section pertaining to a public hearing and approval by the city commission shall not apply to installation of mooring piles;  construction of docks adjacent to residential lots if the proposed mooring piles and docks are to be located in accordance with the city zoning code;  nor to repair or restoration of docks ( limited to original dimension only) for which state construction permits have been issued.",Ordinance 2024-02,ordinance,,ordinance_2024-02.md
