{
    "total_runtime": 495.91618728637695,
    "num_documents": 40,
    "input_load_time": 0,
    "workflows": {
        "create_base_text_units": {
            "overall": 0.10430431365966797
        },
        "create_final_documents": {
            "overall": 0.017881155014038086
        },
        "extract_graph": {
            "overall": 175.4171850681305
        },
        "finalize_graph": {
            "overall": 0.03916788101196289
        },
        "create_communities": {
            "overall": 0.046945810317993164
        },
        "create_final_text_units": {
            "overall": 0.021587848663330078
        },
        "create_community_reports": {
            "overall": 312.82962822914124
        },
        "generate_text_embeddings": {
            "overall": 7.422712087631226
        }
    }
}