{
    "total_runtime": 775.6262538433075,
    "num_documents": 19,
    "input_load_time": 0,
    "workflows": {
        "create_base_text_units": {
            "overall": 0.05508875846862793
        },
        "create_final_documents": {
            "overall": 0.015027999877929688
        },
        "extract_graph": {
            "overall": 270.00142526626587
        },
        "finalize_graph": {
            "overall": 0.04317903518676758
        },
        "create_communities": {
            "overall": 0.06082797050476074
        },
        "create_final_text_units": {
            "overall": 0.025561094284057617
        },
        "create_community_reports": {
            "overall": 499.45767092704773
        },
        "generate_text_embeddings": {
            "overall": 5.929803848266602
        }
    }
}