{
    "total_runtime": 1.3518588542938232,
    "num_documents": 20,
    "input_load_time": 0,
    "workflows": {
        "create_base_text_units": {
            "overall": 0.03673696517944336
        },
        "create_final_documents": {
            "overall": 0.010821104049682617
        },
        "extract_graph": {
            "overall": 0.13489294052124023
        },
        "finalize_graph": {
            "overall": 0.018600940704345703
        },
        "create_communities": {
            "overall": 0.028582096099853516
        },
        "create_final_text_units": {
            "overall": 0.022120952606201172
        },
        "create_community_reports": {
            "overall": 0.5951611995697021
        },
        "generate_text_embeddings": {
            "overall": 0.5004630088806152
        }
    }
}