{
    "total_runtime": 317.6575679779053,
    "num_documents": 174,
    "input_load_time": 0,
    "workflows": {
        "create_base_text_units": {
            "overall": 0.08223915100097656
        },
        "create_final_documents": {
            "overall": 0.010333061218261719
        },
        "extract_graph": {
            "overall": 172.56833791732788
        },
        "finalize_graph": {
            "overall": 0.02638411521911621
        },
        "create_communities": {
            "overall": 0.03659176826477051
        },
        "create_final_text_units": {
            "overall": 0.01639413833618164
        },
        "create_community_reports": {
            "overall": 139.10701870918274
        },
        "generate_text_embeddings": {
            "overall": 5.8052592277526855
        }
    }
}