{
    "total_runtime": 610.2045199871063,
    "num_documents": 20,
    "input_load_time": 0,
    "workflows": {
        "create_base_text_units": {
            "overall": 0.062354326248168945
        },
        "create_final_documents": {
            "overall": 0.012394189834594727
        },
        "extract_graph": {
            "overall": 394.45302295684814
        },
        "finalize_graph": {
            "overall": 0.034255027770996094
        },
        "create_communities": {
            "overall": 0.03792119026184082
        },
        "create_final_text_units": {
            "overall": 0.024171113967895508
        },
        "create_community_reports": {
            "overall": 170.54890203475952
        },
        "generate_text_embeddings": {
            "overall": 45.01105809211731
        }
    }
}