{
    "total_runtime": 678.1184768676758,
    "num_documents": 57,
    "input_load_time": 0,
    "workflows": {
        "create_base_text_units": {
            "overall": 0.06894397735595703
        },
        "create_final_documents": {
            "overall": 0.014719009399414062
        },
        "extract_graph": {
            "overall": 283.6201410293579
        },
        "finalize_graph": {
            "overall": 0.037301063537597656
        },
        "create_communities": {
            "overall": 0.05323600769042969
        },
        "create_final_text_units": {
            "overall": 0.01835799217224121
        },
        "create_community_reports": {
            "overall": 377.9739429950714
        },
        "generate_text_embeddings": {
            "overall": 16.312429189682007
        }
    }
}